,id,name,singer,img,lyrics,jenre
0,4083218,내일또 만납시다 ,금호동,https://cdnimg.melon.co.kr/cm/album/images/021/81/151/2181151_500.jpg/melon/resize/282/quality/80/optimize, 하루의 일을 끝내고 돌아가는 거리엔 사람의 물결 하늘엔 별이 하나 둘 반짝이면 가로등 하나 둘 꽃 피네 허공을 스치는 바람은 차고 흐뭇한 마음은 애드베룬 가벼운 발길 헤어질 때 인사는 내일 또 다시 만납시다 하루의 일을 끝내고 돌아가는 거리엔 사람의 물결 하늘엔 별이 하나 둘 반짝이면 가로등 하나 둘 꽃 피네 허공을 스치는 바람은 차고 흐뭇한 마음은 애드베룬 가벼운 발길 헤어질 때 인사는 내일 또 다시 만납시다 내일 또 다시 만납시다  ,성인가요
1,1003023,눈물의 연평도 ,최숙자,https://cdnimg.melon.co.kr/cm/album/images/003/10/199/310199_500.jpg/melon/resize/282/quality/80/optimize, 조기를 담뿍잡아 기폭을 올리고 온다던 그배는 어이하여 아니오나 수평선 바라보며 그이름 부르면 갈매기도 우는구나 눈물의 연평도  태풍이 원수더라 한많은 사라호 황천간 그얼굴 언제다시 만나보리 해저문 백사장에 그모습 그리면 등대불만 깜박이네 눈물의 연평도    ,성인가요
2,1754987,님이라 부르리까 ,이미자,https://cdnimg.melon.co.kr/cm/album/images/003/59/919/359919_500.jpg/melon/resize/282/quality/80/optimize,1절  임이라 부르리까 당신이라고 부르리까  사랑을 하면서도 사랑을 참고사는  마음으로만 그리워 마음으로만 사무쳐  애타는 가슴  그무슨 잘못이라도 있는 것 처럼  울어야만 됩니까 울어야만 됩니까   2절  임이라 부르리까 당신이라고 부르리까  밤이면 꿈에선가 다정이 만나보고  잊지못하고 언제나 가슴속에만 간직한 못난이 마음  그무슨 잘못이라도 있는 것처럼  울어야만 됩니까 울어야만 됩니까,성인가요
3,1002782,동백아가씨 ,이미자,https://cdnimg.melon.co.kr/cm/album/images/003/10/181/310181_500.jpg/melon/resize/282/quality/80/optimize, 헤일 수 없이 수많은 밤을 내 가슴 도려내는 아픔에 겨워 얼마나 울었던가 동백아가씨 그리움에 지쳐서 울다 지쳐서 꽃잎은 빨갛게 멍이 들었오  동백꽃 잎에 새겨진 사연 말 못할 그 사연을 가슴에 안고 오늘도 기다리는 동백아가씨 가신님은 그 언제 그 어느날에 외로운 동백꽃 찾아 오려나  ,성인가요
4,1003568,떠날때는 말없이 ,현미,https://cdnimg.melon.co.kr/cm/album/images/003/10/243/310243_500.jpg/melon/resize/282/quality/80/optimize, 그 날 밤 그 자리에 둘이서 만났을 때 똑같은 그 순간에 똑같은 마음이 달빛에 젖은 채 밤새도록 즐거웠죠 아 그 밤이 꿈이었나 비 오는데 두고두고 못 다한 말 가슴에 새기면서 떠날 때는 말 없이 말 없이 가오리다  아무리 불러도 그 자리는 비어있네 아 그 날이 언제였나 비 오는데 사무치는 그리움을 나 어이 달래라고 떠날 때는 말 없이 말 없이 가오이다    ,성인가요
5,467355,마도로스 부기 ,백야성,https://cdnimg.melon.co.kr/cm/album/images/000/31/801/31801_500.jpg/melon/resize/282/quality/80/optimize, 항구의 일~~번지 부기우기 일~번지 그라스를 채워~다오 부기우기 아~~가씨 고동이 슬피울면 이별~이란~~다 저 달이 지기~전에 이슬~~이 깨기전에 부기우기 부기우기 마도로스 부기~~우~기  항구의 일~~번지 부기우기 일~번지 인~심을 쓰려~므나 부기우기 아~~가씨 왔다가 가야하는 마도~로스~~다 저 달이 지기~전에 정열~~이 식기전에 부기우기  부기우기 마도로스 부기~~우~기    ,성인가요
6,1185251,맨발의 청춘 ,최희준,https://cdnimg.melon.co.kr/cm/album/images/003/17/416/317416_500.jpg/melon/resize/282/quality/80/optimize, 눈물도 한숨도 나 혼자 씹어 삼키며 밤 거리의 뒷골목을 누비고 다녀도 사랑만은 단 하나의 목숨을 걸었다 거리의 자식이라 욕하지 말라 그대를 태양처럼 우러러 보는 사나이 이 가슴을 알아줄 날 있으리라  외롭고 슬프면 하늘만 바라보면서 맨발로 걸어왔네 사나이 험한길을 상처뿐인 이 가슴에 나홀로 달랬네 내버린 자식이라 비웃지 말라 내 생전 처음으로 바친 순정은 머나먼 천국에서 그대 옆에 피어나리 그대 옆에 피어나리    ,성인가요
7,5758967,물새우는 해변 ,권혜경,https://cdnimg.melon.co.kr/cm/album/images/023/26/776/2326776_500.jpg/melon/resize/282/quality/80/optimize,None,성인가요
8,3622464,밀짚모자 목장아가씨 ,박재란,https://cdnimg.melon.co.kr/cm/album/images/020/39/108/2039108_500.jpg/melon/resize/282/quality/80/optimize, 시원한 밀짚모자 포플라 그늘에 양떼를 몰고가는 목장의 아가씨 연분홍 빛 입술에는 살며시 웃음 띄우고 넓다란 푸른 목장 하늘에 구름가네 라라라 라라라라라 라라라라 라라라라 라라라 라라라라라 라라라라 라라라라 연분홍 빛 입술에는 살며시 웃음 띄우고 넓다란 푸른 목장 하늘에 구름가네 구름가네 음음음음  ,성인가요
9,1003566,보고싶은 얼굴 ,현미,https://cdnimg.melon.co.kr/cm/album/images/003/10/243/310243_500.jpg/melon/resize/282/quality/80/optimize, 눈을 감고 걸어도 눈을 뜨고 걸어도 보이는 것은 초라한 모습 보고 싶은 얼굴 거리마다 물결이 거리마다 발길이 휩쓸고 지나간 허황한 거리에 눈을 감고 걸어도 눈을 뜨고 걸어도 보이는 것은 초라한 모습 보고 싶은 얼굴  거리마다 물결이 거리마다 발길이 휩쓸고 지나간 허황한 거리에 눈을 감고 걸어도 눈을 뜨고 걸어도 보이는 것은 초라한 모습 보고 싶은 얼굴    ,성인가요
10,2517558,빗속의 여인 (1964년작),Add 4,https://cdnimg.melon.co.kr/cm/album/images/007/49/852/749852_500.jpg/melon/resize/282/quality/80/optimize," 잊지 못할 빗속의 여인  지금은 어데 있나?    노오란 레인코트에  검은 눈동자, 잊지 못하네    다정하게 미소지며  검은 우산을 받쳐주네~  나리는 빗방울 바라보며  말없이 말없이 걸었네    잊지 못할 빗속의 여인  그 여인을 잊지 못하네    다정하게 미소지며  검은 우산을 받쳐주네  나리는 빗방울 바라보며  말없이 말없이 걸었네    잊지 못할 빗 속의 여인  그 여인을 잊지 못하네    오~ 잊지 못할 빗 속의 여인  그 여인을 잊지 못하네  잊지 못하네 잊지 못하네 오~ 잊지 못해 ",록/메탈
11,467498,빨간구두 아가씨 ,남일해,https://cdnimg.melon.co.kr/cm/album/images/000/31/807/31807_500.jpg/melon/resize/282/quality/80/optimize, 솔솔솔 오솔길에 빨간구두 아가씨 똑똑똑 구두소리 어딜 가시나 한번쯤 뒤돌아 볼만도 한데 발걸음만 하나둘 세며 가는지 빨간 구두 아가씨 혼자서 가네   밤밤밤 밤길에 빨간구두 아가씨 똑똑똑 구두소리 어딜 가시나 지금쯤 사랑을 알만도 한데 종소리만 하나둘 세며 가는지 빨간 구두 아가씨 멀어져가네     ,성인가요
12,1324501,소쩍새 우는 마을 ,박재란,https://cdnimg.melon.co.kr/cm/album/images/003/22/799/322799_500.jpg/melon/resize/282/quality/80/optimize, 소쩍 소쩍새 울고간 뒤에 나풀나풀 나비가 춤추며 오네 두꺼비도 잠 깨어 하품하는데 우리집 고양인 아랫목 차지 겨울이 가고 봄이 오면은 아가씨 나들이 핑계도 좋아 나물 캐러 간다고 거울 보고 한나절 ~ 간 주 중 ~ 쓰름 쓰름 쓰르라미 울고간 뒤에 개구리 합창이 시끄러운데 멋쟁이 제비가 도망오는데 우리집 송아진 달콤한 낮잠 봄이 가고 여름이 오면 동네 총각 나리들 핑계도 좋아 밭갈이 간다고 장기 두고 한나절 ~ 간 주 중 ~ 가을 겨울 봄 여름 돌아가는데 우리 동네 물방아 돌리지않네 순이네 집 잔칫날 닥아오는데 떡방아 물바아 어디서 찧나 지붕에도 새들이 놀러왔지만 방아 소리 멎으니 맥이 풀렸네 부지런한 마을로 떠나가 볼까    ,성인가요
13,992864,아메리칸 마도로스 ,고봉산,https://cdnimg.melon.co.kr/cm/album/images/003/09/735/309735_500.jpg/melon/resize/282/quality/80/optimize,무역선 오고가는 부산 항구 제2부두  죄많은 마도로스 이별이 야속트라  닷줄을 감으면은 기적이 울고  뱃머리 돌리며는 사랑이 운다  아~ 항구에 아가씨  울리고 떠나가는 버리고 떠나가는  마도로스 아메리카 마도로스   꽃물결 넘실대는 부산 항구 제2부두  술취한 마도로스 항구가 무정트라  깃발을 올리며는 기적이 울고  테프가 끊어지면 사랑이 운다  아~ 항구에 아가씨  울리고 떠나가는 버리고 떠나가는  마도로스 아메리카 마도로스,성인가요
14,3621978,아빠 안녕 ,현미,https://cdnimg.melon.co.kr/cm/album/images/020/38/969/2038969_500.jpg/melon/resize/282/quality/80/optimize, 비가 나리네 비가 나리네 돌아선 이가슴에 그님은 어데 그어느곳에 이마음 벗사려 떨어져가도 이마음 몹쓸건 미련때문에 아 몸부림치며 님을 불렀네 이마음 모질게 헤어져가고 이마음 몹쓸건 미련때문에 아 목놓아 울며 님을 불렀네  ,성인가요
15,1936373,영등포의 밤 ,오기택,https://cdnimg.melon.co.kr/cm/album/images/003/98/692/398692_500.jpg/melon/resize/282/quality/80/optimize, 궂은~비 하염 없~~~이 쏟아지는 영등포의 밤 내 가~슴에 안겨오는 사랑~의 불~길 고요한~ 적막속에 빛나던 그대 눈동자 아~~~~~~ 영원히 잊지 못할 영등포의 밤이~여  가슴~을 파고드~~~는 추억어린 영등포의 밤 영원~속에 스쳐오는 사랑~의 불~길 흐르는~ 불빛속에 아련한 그대의 모습 아~~~~~~ 영원히 잊지 못할 영등포의 밤이~여 ,성인가요
16,30072384,워싱턴광장 ,정 시스터즈,https://cdnimg.melon.co.kr/cm/album/images/100/11/864/10011864_500.jpg/melon/resize/282/quality/80/optimize,None,성인가요
17,1714082,이국땅 ,남일해,https://cdnimg.melon.co.kr/cm/album/images/003/56/735/356735_500.jpg/melon/resize/282/quality/80/optimize, 하룻밤 뱃길이면 가고 오건만 못 가는 이국땅에 서러움이 많 아현해탄 파도 위에 비친 저 달아 찢어진 문틈으로 어머님 얼굴에도 아 아 비치어다오  꿈길은 수륙만리 고국 이건만 싸늘한 벼겟머리 언제나 이국 현해탄 파도 위에 부산항 찾아 그 누가 떠났길래 저 멀리 남은 연기 아 아 나를 울리네  ,성인가요
18,1925260,저녁 한때 목장풍경 ,위키리,https://cdnimg.melon.co.kr/cm/album/images/003/97/297/397297_500.jpg/melon/resize/282/quality/80/optimize, 끝없는 벌판 멀리 지평선에  노을이 물들어 오면  외로운 저 목동의 가슴 속엔  아련한 그림움 솟네 뭉게 구름 저편 산 넘어로  기러기떼 나르고 양떼를 몰고 오는 언덕길에  초생달 빛을 뿌리면 구슬픈 피리 소리 노래 되어  쓸쓸이 메아리치네 끝없는 벌판 멀리 지평선에  노을이 물들어 오면  외로운 저 목동의 가슴 속엔  아련한 그림움 솟네 뭉게처럼 저 편 산 넘어로  기러기 ,성인가요
19,1185247,진고개 신사 ,최희준,https://cdnimg.melon.co.kr/cm/album/images/003/17/416/317416_500.jpg/melon/resize/282/quality/80/optimize, 미련없~이 내~~뿜는 담배 연기속에 아련히 떠오~르는 그~~ 여인의 얼굴을 별~마~다 새겨보~는 별~마다 새겨보는 아~ ~ ~ 진고개 신~~사  헝크러~진 머~~리를 쓸어 올~리며 언젠가 들려~주던 그~~ 여인의 노래를 소리없~이 불러보~는 소리없이 불러보는 아~ ~ ~ 진고개 신~~사 ,성인가요
20,1714068,첫사랑 마도로스 ,남일해,https://cdnimg.melon.co.kr/cm/album/images/003/56/735/356735_500.jpg/melon/resize/282/quality/80/optimize, 푸르른 달빛이 파도에 부서지면 파이프에 꿈을 실은 첫사랑 마도로스 배귀에 기대서면 그 날 밤이 그립구나 항구마다 정을 두고 떠나온 사나이 그래도 첫사랑 맺은 님을 잊을 길 없네  깨스등 희미한 부두의 그 날 밤에 울며불며 잡던 님을 뿌리친 마도로스 때 묻은 기름옷에 갈매기가 벗이구나 그라스로 맺은 정에 상처만 남기고 떠나온 첫사랑 아가씨가 나를 울리네  ,성인가요
21,8150699,황혼의 에레지 ,최양숙,https://cdnimg.melon.co.kr/cm/album/images/026/80/320/2680320_500.jpg/melon/resize/282/quality/80/optimize,None,성인가요
22,1324508,내 이름은 소녀 ,조애희,https://cdnimg.melon.co.kr/cm/album/images/003/22/799/322799_500.jpg/melon/resize/282/quality/80/optimize, 내 이름은 소녀 꿈도 많고 내 이름은 소녀 말도 많지요 거울 앞에 앉아서 물어보며는 어제보다 요만큼 예뻐졌다고 내 이름은 소녀 꽃송이같이 곱게 피며는 엄마되겠지  내 이름은 소녀 꿈도 많고 내 이름은 소녀 샘도 많지요 거리 거리 쌍쌍이 걸어가며는 내 그림자 깨워서 짝을 지우고 내 이름은 소녀 꽃송이같이 곱게 피며는 날아오겠지    ,성인가요
23,3607035,누가 이사람을 모르시나요 (남과북 주제가) ,곽순옥,https://cdnimg.melon.co.kr/cm/album/images/020/33/007/2033007_500.jpg/melon/resize/282/quality/80/optimize, 누가 이 사람을 모르시나요  얌전한 몸매에 빛나는 눈  고운 마음씨는 달덩이같이  이 세상 끝까지 가겠노라고  나 하고 강가에서 맹세를 하던  이 여인을 누가 모르시나요  누가 이 사람을 모르시나요  부드러운 정열에 화사한 이  한 번 마음 주면 변함이 없어  꿈 따라 임 따라 가겠노라고  내 품에 안기어서 맹세를 하던  이 여인을 누가 모르시나요  ,성인가요
24,4083174,마포사는 황부자 ,쟈니 브라더스,https://cdnimg.melon.co.kr/cm/album/images/021/81/142/2181142_500.jpg/melon/resize/282/quality/80/optimize,None,성인가요
25,3607343,남일해,남일해,https://cdnimg.melon.co.kr/cm/album/images/020/33/109/2033109_500.jpg/melon/resize/282/quality/80/optimize, 내 몸에 핏줄이 비바람에 젖어도 멍들은 상처를 건드리지 말아다오 사나이 얼굴에 눈물이 비쳐도 님 그린 내 순정 변함은 없다 쫓기는 이 세상을 맨발로 뛰면서 끓는 피 두 주먹을 쥐고 또 쥐고 어두운 그림자 밝은 내일 믿고서 성내고 뛰어라 맨발로 뛰어라 내 몸에 핏줄이 비바람에 젖어도 멍들은 상처를 건드리지 말아다오 사나이 얼굴에 눈물이 비쳐도 님 그린 내 순정 변함은 없다 쫓기는 이 세상을 맨발로 뛰면서 끓는 피 두 주먹을 쥐고 또 쥐고 어두운 그림자 밝은 내일 믿고서 성내고 뛰어라 맨발로 뛰어라  ,성인가요
26,3005345,쟈니부라더스,쟈니부라더스,https://cdnimg.melon.co.kr/cm/album/images/010/62/762/1062762_500.jpg/melon/resize/282/quality/80/optimize,None,성인가요
27,1714080,사랑의 송가 ,한명숙,https://cdnimg.melon.co.kr/cm/album/images/003/56/735/356735_500.jpg/melon/resize/282/quality/80/optimize, 바람결에 흔들리는 갈대와 같이 지금은 그대의 마음 변했나 영원토록 변치말자던 님의 말이 지금은 이슬같이 사라졌네 차라리 몰랐던들 몰랐던들 이 마음 그대생각 않을것을 이 마음 그대사랑 안할것을  차라리 몰랐던들 몰랐던들 이 마음 그대생각 않을것을 이 마음 그대사랑 안할것을    ,성인가요
28,1005543,산너머 남촌에는 ,박재란,https://cdnimg.melon.co.kr/cm/album/images/003/10/380/310380_500.jpg/melon/resize/282/quality/80/optimize, 산~너머 남촌에는 누가 살길래 해마다 봄바람이 남으로~ 오네 아 꽃피는 사월이면 진달래 향기 밀익은 오월이면 보리 내음새 어~느것 한가진들 실어 안오리 남촌서 남풍 불때 나는 좋~데나 산~너머 남촌에는 누가 살길래 저 하늘 저 빛깔이 그리 고~ 울까 아 금잔디 넓은 벌엔 호랑나비떼 버들가 실개천에 종달새 노래 어~느것 한가진들 실어 안오리 남촌서 남풍 불때 나는 좋~데나  어~느것 한가진들 실어안오리 남촌서 남풍 불때 나는 좋~데나 아 꽃피는 사월이면 진달래 향기 밀익은 오월이면 보리 내음새 어~느것 한가진들 실어 안오리 남촌서 남풍 불때 나는 좋~데나 ,성인가요
29,5713647,아나 농부야 ,박재란,https://cdnimg.melon.co.kr/cm/album/images/023/20/746/2320746_500.jpg/melon/resize/282/quality/80/optimize,None,성인가요
30,191058,아빠의 청춘 ,박일남,https://cdnimg.melon.co.kr/cm/album/images/000/08/668/8668_500.jpg/melon/resize/282/quality/80/optimize, 이 세상에 부모 마음 다 같은 마음 아들 딸이 잘 되라고 행복하라고 마음으로 빌어주는 박영감인데 노랭이라 비웃으며 욕하지 마라 나에게도 아직까지 청춘은 있다 원더플 원더플 아빠의 청춘 브라보 브라보 아빠의 인생  간 주 중 세상 구경 서울 구경 참 좋다만은 돈 있어야 제일이지 없으면 산통 마음 착한 며느리를 내 몰라 보고 황소고집 부리다가 큰 코 다쳤네 나에게도 아직까지 꿈이야 있다 원더플 원더플 아빠의 청춘 브라보 브라보 아빠의 인생    ,성인가요
31,48707,울어라 열풍아 ,이미자,https://cdnimg.melon.co.kr/cm/album/images/000/04/472/4472_500.jpg/melon/resize/282/quality/80/optimize, 못견디게 괴로워도 울지 못하고 가는님을 웃음으로 보내는 마음 그 누구가 알아주나 기막힌 내 사랑을 울어라 열풍아 밤이 새도록  님을 보낸 아쉬움에 흐느끼면서 하염없이 헤매도는 서러운 밤길 내 가슴의 이 상처를 그 누가 달래주리 울어라 열풍아 밤이 새도록    ,성인가요
32,176245,월남의 달밤 ,윤일로,https://cdnimg.melon.co.kr/cm/album/images/000/08/386/8386_500.jpg/melon/resize/282/quality/80/optimize, 남 남쪽 먼 먼 나라 월남의 달밤 십자성 저 별빛은 어머님 얼굴 그 누가 불어주는 하모니카냐 아리랑  멜로디가 향수에 젖네 가슴에 젖네  열대어 꼬리치는 사이공 항구 산호등 아롱다롱 모래 별이면 카누에 실어보는 그 님의 노래 떠나온 수륙만리 아득한 고향 그리운 산천    ,성인가요
33,8095572,위를 보고 걷자 ,최희준,https://cdnimg.melon.co.kr/cm/album/images/026/72/912/2672912_500.jpg/melon/resize/282/quality/80/optimize,None,성인가요
34,3720923,인정사정 볼 것 없다 ,진송남,https://cdnimg.melon.co.kr/cm/album/images/020/86/729/2086729_500.jpg/melon/resize/282/quality/80/optimize,None,성인가요
35,48711,정동 대감 ,이미자,https://cdnimg.melon.co.kr/cm/album/images/000/04/472/4472_500.jpg/melon/resize/282/quality/80/optimize, 영을 넘고 강을 건너 남도 천리를 헤어져 그린 그님 찾아가는데 철없이 따라오는 어린 손이 차갑구나 자장 자장 잘자거라 아가야 잠들어라 이슬내려 젖은 길이 멀기만 하다  사랑찾아 임을 찾아 운명의 길을 천리라도 만리라도 찾아가련다 등에 업힌 어린 자식 칭얼칭얼 우는데 자장 자장 잘자거라 아가야 잠들어라 눈물에 젖은 길이 멀기만 하다    ,성인가요
36,4085246,쥐구멍에도 볕들날 있다 ,김상국,https://cdnimg.melon.co.kr/cm/album/images/021/81/336/2181336_500.jpg/melon/resize/282/quality/80/optimize,None,성인가요
37,5674981,진주조개잡이 ,박재란,https://cdnimg.melon.co.kr/cm/album/images/023/15/447/2315447_500.jpg/melon/resize/282/quality/80/optimize, 새파란 수평선 흰구름 흐르는 오늘도 즐거워라 조개잡이 하는 처녀들 흥겨운 젊은날의 콧노래로 발을 맞추며 부푸른 가슴마다 꿈을 담고 파도를 넘어 새파란 수평선 흰구름 흐르는 오늘도 즐거워라 조개잡이 하는 처녀들 흥겨운 젊은날의 콧노래로 발을 맞추며 부푸른 가슴마다 꿈을 담고 파도를 넘어 새파란 수평선 흰구름 흐르는 오늘도 즐거워라 조개잡이 하는 처녀들  ,성인가요
38,1005548,행복의 샘터 ,박재란,https://cdnimg.melon.co.kr/cm/album/images/003/10/380/310380_500.jpg/melon/resize/282/quality/80/optimize, 심심산골 외로이 피어있는 꽃인가 소박한 너의 모습 내 가슴을 태웠네 그리움에 날개  돋혀산넘고  물건너꿈을  따라 사랑  찾아나 여기  왔노라외딴곳에  피어난이름없는  꽃인데찾아주는  그대는정녕  나의 님인가 어린 가슴에  그리던그사랑 이라면반겨 맞아  받드오리따르오리다 세상이 넓다해도 그대만은 내 사랑소녀의 순정에도그대만이 나의 님무지개 피는 하늘 밑행복의 샘터를둘이 서로 손을 잡고찾아갑시다 ,성인가요
39,1002791,황포돛대 ,이미자,https://cdnimg.melon.co.kr/cm/album/images/003/10/181/310181_500.jpg/melon/resize/282/quality/80/optimize, 마즈막 석양 빛을 기폭에 걸고 흘러가는 저 배는 어데로 가느냐 해풍아 비바람아 울지를 마라 파도소리 구슬프면 이 마음도 구슬퍼 아아아 어데로 가는 배냐 어데로 가는 배냐 황포 돛대야  순풍에 돛을 달고 황혼 바람에 떠나가는 저 사공 고향은 어데냐 사공아 말해다오 떠나는 뱃길 갈매기야 울지마라 이 마음도 서럽다 아아아 어데로 가는 배냐 어데로 가는 배냐 황포 돛대야    ,성인가요
40,3485992,고향무정 ,오기택,https://cdnimg.melon.co.kr/cm/album/images/013/38/075/1338075_500.jpg/melon/resize/282/quality/80/optimize, 구름도 울고넘는 울고넘는 저 산아래 그 옛날 내가 살던 고향이 있었건만 지금은 어느 누가 살고있는지 지금은 어느 누가 살고있는지 산골짝엔 물이 마르고 기름진 문전옥답 잡초에 묻혀있네 새들도 집을 찾는 집을 찾는 저 산아래 그 옛날 내가 살던 고향이 있었건만 지금은 어느 누가 살고있는지 지금은 어느 누가 살고있는지 바다에는 배만 떠있고 어부들 노래 소리 멎은지 오래일세  ,성인가요
41,1002503,길잃은 철새 ,최희준,https://cdnimg.melon.co.kr/cm/album/images/003/10/151/310151_500.jpg/melon/resize/282/quality/80/optimize, 무슨 사연이 있겠지 무슨 까닭이 있겠지 돌아가지 않는 길 잃은 철새 밤은 깊어서 낙엽은 쌓이는데 밤은 깊어서 낙엽은 쌓이는데 흐느끼는 소리만 흐느끼는 소리만 홀로 살고파 왔을까 홀로 울고파 왔을까 돌아가지 않는 길 잃은 철새 가을은 가고 겨울은 왔는데도 가을은 가고 겨울은 왔는데도 한숨짓는 소리만 한숨짓는 소리만  ,성인가요
42,2740012,날씬한 아가씨끼리 ,이금희,https://cdnimg.melon.co.kr/cm/album/images/009/42/156/942156_500.jpg/melon/resize/282/quality/80/optimize, 날씬한 날씬한 아가씨끼리 정답게 정답게 손을 잡고서 충무로 명동길 걸어가면은 거리는 환하게 꽃이 핍니다 하늘에 애드벨룬 둥실 떴는데 우리는 꿈 많은 아가씨에요 부풀은 가슴속에 남몰래 꽃피는 부끄러운 무지개 꿈 그대는 아세요 날씬한 날씬한 아가씨끼리 정답게 정답게 손을 잡고서 오후의 남산길 걸어가면은 하늘엔 꽃구름 흘러갑니다 날씬한 날씬한 아가씨끼리 정답게 정답게 손을 잡고서 충무로 명동길 걸어가면은 거리는 환하게 꽃이 핍니다 하늘에 애드벨룬 둥실 떴는데 우리는 꿈 많은 아가씨에요 부풀은 가슴속에 남몰래 꽃피는 부끄러운 무지개 꿈 그대는 아세요 날씬한 날씬한 아가씨끼리 정답게 정답게 손을 잡고서 오후의 남산길 걸어가면은 하늘엔 꽃구름 흘러갑니다 하늘엔 꽃구름 흘러갑니다 ,성인가요
43,30700040,남성금지구역 ,이시스터즈,https://cdnimg.melon.co.kr/cm/album/images/101/06/984/10106984_500.jpg?7c18bf5427ac28ab2a7fb3e1ebb8b50b/melon/resize/282/quality/80/optimize, 새장에 카나리아도  비리비리 배배 비리비리 배배 새파란 하늘을 노래하는데  아무리 남성금지구역이라도 우리는 이래뵈도 가슴이 부풀은  가시나이가 아녜요 먹고 싶고 입고 싶고   보고 싶은 것도 많지만 믿음직한 바지씨는 어디 계신가 그리워서 한숨을 쉬고 노랠 불러도 허전한 가슴속은 메울 길이 없대요   기숙사 코스모스도  피고지고 피고 피고지고 피고 울타리 너머를 내다보는데  아무리 남성금지구역이라도 우리는 이래뵈도 꿈만이 가득한  가시나이가 아녜요 공부하고 시험보고  졸업날은 다가오는데 그럴싸한 바지씨는 무얼 하실까 돌아오는 외출 날에는 한번 만나서  어쩌면 그러냐고 따져봐야겠어요 ,성인가요
44,992913,눈물을 감추고 ,위키리,https://cdnimg.melon.co.kr/cm/album/images/003/09/735/309735_500.jpg/melon/resize/282/quality/80/optimize, 눈물을 감추고 눈물을 감추고 이슬비 맞으며 나 홀로 걷는 밤길 외로움의 젖고 젖어 쓰라린 가슴에 고독이 넘쳐 넘쳐 내 야윈 가슴에 넘쳐 흐른다  눈물을 감추고 눈물을 감추고 이슬비 맞으며 나 홀로 걷는 밤길 외로움에 젖고 젖어 쓰라린 가슴에 슬픔이 넘쳐 넘쳐 내 야윈 가슴에 넘쳐 흐른다    ,성인가요
45,1003821,덕수궁 돌담길 ,진송남,https://cdnimg.melon.co.kr/cm/album/images/003/10/258/310258_500.jpg/melon/resize/282/quality/80/optimize, 비내리는 덕수궁 돌담 장길을 우산없이 혼자서 거니는 사람 무슨 사연 있길래 혼자 거닐까 저토록 비를 맞고 혼자 거닐까 밤비가 소리없이 내리는 밤에  밤도 깊은 덕수궁 돌담 장길을 비를 맞고 말없이 거니는 사람 옛날에는 두사람 거닐던 길을 지금은 어이해서 혼자 거닐까 밤비가 하염없이 내리는 밤에    ,성인가요
46,1002285,동백꽃 피는 고향 ,남상규,https://cdnimg.melon.co.kr/cm/album/images/003/10/135/310135_500.jpg/melon/resize/282/quality/80/optimize, 고향이 그리워서 가고 싶어서 밤 깊은 부두가를 찾아 왔건만 고동소리 울지 않고 뱃길도 막혀 동백꽃 피는 고향 멀기만 하구나 내 고향 울릉도야 너 잘 있느냐 네 소식 알 길 없어 가슴 닳는다 내 사랑도 부모님도 안녕하신지 동백꽃 피는 고향 언제 가려나  ,성인가요
47,1125269,동숙의 노래 ,문주란,https://cdnimg.melon.co.kr/cm/album/images/003/15/084/315084_500.jpg/melon/resize/282/quality/80/optimize, 너무나도 그님을 사랑했기에 그리움이 변해서 사모친 미움 원한 맺힌 마음에 잘못 생각해 돌이킬수 없는 죄 저질러 놓고 뉘우치면서 울어도 때는 늦으리 음 때는 늦으리  님을 따라 가고픈 마음이건만 그대따라 못가는 서러운 미움 저주받은 운명에 끝나는 순간 임의품에 안기운 짧은 행복에 참을수 없이 흐르는 뜨거운 눈물 음 뜨거운 눈물    ,발라드
48,1936391,뜨거운 안녕 ,쟈니리,https://cdnimg.melon.co.kr/cm/album/images/003/98/692/398692_500.jpg/melon/resize/282/quality/80/optimize, 또 다시 말해주오 사랑하고 있다고 별들이 다정히 손을 잡는 밤 기어이 가신다면 헤어집시다 아프게 마음 새긴 그 말 한마디 보내고 밤마다 울음이 나도 남자답게 말하리라 안녕이라고 뜨겁게 뜨겁게 안녕이라고 또 다시 말해주오 사랑하고 있다고 비둘기 나란히 구구 대는데 기어이 떠난다면 보내 드리리 너무도 깊이 맺힌 그 날밤 입술 긴긴 날 그리워 몸부림 쳐도 남자답게 말하리라 안녕이라고 뜨겁게 뜨겁게 안녕이라고  ,성인가요
49,30700046,말띠 신부 ,조애희,https://cdnimg.melon.co.kr/cm/album/images/101/06/984/10106984_500.jpg?7c18bf5427ac28ab2a7fb3e1ebb8b50b/melon/resize/282/quality/80/optimize,None,성인가요
50,8096062,목석같은 사나이 ,이시스터즈,https://cdnimg.melon.co.kr/cm/album/images/026/72/987/2672987_500.jpg/melon/resize/282/quality/80/optimize,None,성인가요
51,1749952,미워하지 않으리 ,정원,https://cdnimg.melon.co.kr/cm/album/images/003/59/546/359546_500.jpg/melon/resize/282/quality/80/optimize, 목숨 걸고 쌓올린 사나이의 첫사랑 글라스에 아롱진 그 님의 얼굴 피보다 진한 사랑 여자는 모르리라 눈물을 삼키며 미워하지 않으리  피에 맺힌 애원도 몸부림을 쳐봐도 한번 가신 그님이 다시 올소냐 사나이 붉은 순정 여자는 모르리라 입술을 깨물며 미워하지 않으리    ,성인가요
52,193887,불나비 ,김상국,https://cdnimg.melon.co.kr/cm/album/images/000/08/754/8754_500.jpg/melon/resize/282/quality/80/optimize, 얼마나 사무치는 그리움이냐 밤마다 불을찾아 헤메는 사연 차라리 재가되어 숨진다 해도 아아아 너를 안고 가련다 불나비 사랑  무엇으로 끄나요 사랑의 불길 밤을안고 떠도는 외로운 날개 한많은 세월속에 멍들은 가슴 아아아 너를안고 가련다 불나비 사랑     ,성인가요
53,5761039,사랑합시다 ,위키리,https://cdnimg.melon.co.kr/cm/album/images/023/27/037/2327037_500.jpg/melon/resize/282/quality/80/optimize,None,성인가요
54,2249739,살짜기 옵서에 ,패티김,https://cdnimg.melon.co.kr/cm/album/images/006/28/654/628654_500.jpg/melon/resize/282/quality/80/optimize, ~   전   주   중   ~ 당신 생각에 부풀은 이 가슴  살짜기 살짜기 살짜기 옵서예 달 밝은 밤에도 어두운 밤에도  살짜기 살짜기 살짜기 옵서예 바람이 불거나 눈비가 오거나  살짜기 살짜기 살짜기 옵서예 꿈에도 못잊을 그리운 님이여 살짜기 살짜기 살짜기 옵서예 ~   간   주   중   ~ 당신 그리워 사무친 이 가슴 살짜기 살짜기 살짜기 옵서예 외로운 밤에도 쓸쓸한 밤에도 살짜기 살짜기 살짜기 옵서예 바람이 불거나 눈비가 오거나 살짜기 살짜기 살짜기 옵서예 잠시도 못잊을 보고픈 님이여 살짜기 살짜기 살짜기 옵서예 ,성인가요
55,4076255,수덕사의 여승 ,송춘희,https://cdnimg.melon.co.kr/cm/album/images/021/80/402/2180402_500.jpg/melon/resize/282/quality/80/optimize,None,성인가요
56,1125300,아카시아의 마음 ,문주란,https://cdnimg.melon.co.kr/cm/album/images/003/15/084/315084_500.jpg/melon/resize/282/quality/80/optimize,       아카시아꽃이 시들면은 왜 그런지 슬퍼져     못잊을 사랑의 그림자 꽃잎은 알아줄까     밤비에 흩어지는 흰꽃잎 같이     내 사랑도 허무하게 가 버렸네      아카시아꽃이 다시피면 옛사랑도 잊겠지     못다한 사랑의 괴로움 꽃잎은 알아줄까     이슬비 오는밤에 흰꽃이 피면     내 마음도 쓸쓸하게 눈물 짓네 ,발라드
57,1185254,엄처시하 ,최희준,https://cdnimg.melon.co.kr/cm/album/images/003/17/416/317416_500.jpg/melon/resize/282/quality/80/optimize, 열아홉 처녀 때는 수줍던 그 아내가 첫 아이 낳더니만 고양이로 변했네 눈 밑에 잔주름이 늘어 가니까 무서운 호랑이로 변해 버렸네 그러나 두고 보자 나도 남자다 언젠간 내 손으로 휘어 잡겠다 큰 소릴 쳐 보지만 나는 공처가  한 세상 사노라면 변할 날 있으련만 날이면 날마다 짜증으로 지새는 마누라 극성 속에 기가 죽어서 눈치밥 세월 속에 청춘이 가네 그러나 두고 보자 나도 남자다 언젠간 내 손으로 휘어 잡겠다 큰 소릴 쳐 보지만 나는 공처가 나는 공처가    ,성인가요
58,1864969,이시스터즈,이시스터즈,https://cdnimg.melon.co.kr/cm/album/images/003/78/767/378767_500.jpg/melon/resize/282/quality/80/optimize, 울렁울렁 울렁대는 가슴안고  연락선을 타고가면 울릉도라 뱃머리도 신이나서 트위스트  아름다운 울릉도 붉게 피어나는 동백 꽃잎처럼  아가씨들 예쁘고 둘이 먹다가 하나 죽어도 모르는 호박엿 울렁울렁 울렁대는 처녀가슴  오징어가 풍년이면 시집가요 육지손님 어서와요 트위스트  나를 데려가세요 울렁울렁 울렁대는 울릉도길  연락선도 형편없이 지쳤구나 어지러워 비틀비틀 트위스트  요게바로 울릉도 평생 다가도록 기차 구경 한번 못해보고 살아도 기차보다 좋은 비행기는 구경 실컷하며 살아요 싱글벙글 생글생글 처녀총각  영감마님 어서와서 춤을춰요 오징어도 대풍일세 트위스트  사랑을 합시다 울렁울렁 울렁대는 가슴안고 연락선을 타고가면 울릉도라 뱃머리도 신이나서 트위스트 아름다운 울릉도  붉게 피어나는 동백 꽃잎처럼  아가씨들 예쁘고  둘이 먹다가 하나 죽어도 모르는 호박엿 울렁울렁 울렁대는 처녀가슴  오징어가 풍년이면 시집가요 육지손님 어서와요 트위스트  나를 데려가세요     ,성인가요
59,1185249,종점 ,최희준,https://cdnimg.melon.co.kr/cm/album/images/003/17/416/317416_500.jpg/melon/resize/282/quality/80/optimize, 너를 사랑할때 한없이 즐거웠고 버림을 받았을때 끝없이 서러웠다 아련한 추억 속에 미련도 없다만은 너무도 빨리온 인생의 종점에서 싸늘하게 싸늘하게 식어만 가는 아 내청춘 꺼져가네  너를 사랑할땐 목숨을 걸렸었고 버림을 받았을때 추억을 생각했다 지나간 내 한평생 미련도 없다만은 너무도 짧았던 내청춘 종점에서 속절없이 속절없이 꺼져만 가는 아 한많은 내 청춘    ,성인가요
60,48710,지평선은 말이 없다 ,이미자,https://cdnimg.melon.co.kr/cm/album/images/000/04/472/4472_500.jpg/melon/resize/282/quality/80/optimize, 어드메 계시온지 보고픈 어머님은 얼마나 멀고먼지 가고픈 내고향은 언제나 눈감으면 떠오르는 그모습 그리워 불러보는 이름이건만 지평선은 말이없다 대답이없다  드넓은 이세상에 외로운 우리남매 만나자 헤여지는 뼈져린 슬픈운명 차가운 이국땅에 쓰러져간 오빠를  가슴이 터지도록 불러보아도 지평선은 말이없다 대답이없다 ,성인가요
61,1125291,초우 ,문주란,https://cdnimg.melon.co.kr/cm/album/images/003/15/084/315084_500.jpg/melon/resize/282/quality/80/optimize, 가슴속에 스며드는 고독이 뭄부림칠 때 갈길없는 나그네의 꿈은 사라져 비에 젖어우네  너무나 사랑했기에 너무나 사랑했기에 마음의 상처 잊을 길 없어 빗소리도 흐느끼네 ,발라드
62,191057,충청도 아줌마 ,박일남,https://cdnimg.melon.co.kr/cm/album/images/000/08/668/8668_500.jpg/melon/resize/282/quality/80/optimize, 와도 그만 가도 그만 방랑의 길은 먼데 충청도 아줌마가 한사코 길을 막네 주안상 하나 놓고 마주 앉은 사람아 술이나 따르면서 따르면서 내 설움 너의 설움을 엮어나 보자  서울이고 부산이고 갈 곳은 많지만은 투술한 사투리가 너무도 정답구나 눈물을 흘리면서 마주 앉은 사람아 과거를 털어놓고 털어놓고 새로운 새 희망에 살아가 보자    ,성인가요
63,2740011,키다리 미스터 김 ,이금희,https://cdnimg.melon.co.kr/cm/album/images/009/42/156/942156_500.jpg/melon/resize/282/quality/80/optimize, 키다리 미스터 김은 싱겁게 키는 크지만 그래도 미스터 김은 마음씨 그만이예요 세상에 키 크고 싱겁지 않은 이 없다고 말을 하지만 그러나 그 이는 그렇지 않아요 정말로 멋쟁이예요 건들~ 건들~ 걸을~때는~ 매력이 흘러 넘쳐요 키다리 미스터 김에게 나 홀랑 반~했어요  키다리 미스터 김은 언제나 털털이지만 그래도 미스터 김이 세상에 제일 좋아요 제 눈에 안경이 이러쿵 저러쿵 말씀을 할진 몰라도 그 이를 안보곤 그런 말 마세요 정말로 멋쟁이예요 싱글~ 벙글~ 웃을~때는~ 내 마음 미쳐버려요 키다리 미스터 김이 없으면 난 못살아요 없으면 난 못살아요 없으면 난 못살아요    ,성인가요
64,48734,평양기생 ,이미자,https://cdnimg.melon.co.kr/cm/album/images/000/04/469/4469_500.jpg/melon/resize/282/quality/80/optimize, 무정터라 한탄말고 욕하지 마소 진정으로 님을 위한 거짓말인데 행여나 변할까봐 마음 조이며 내 낭군 알상급제 빌고 또 비는 평양 기생 일편단심 변함없다오  괴로워도 고달퍼도 참아주세요 이 모두가 님을 위한 거짓들인데 행여나 버릴까봐 가슴 조이며 주야장 긴긴 밤을 홀로 세워도 평양 기생 일편단심 변함없다오    ,성인가요
65,1185246,하숙생 ,최희준,https://cdnimg.melon.co.kr/cm/album/images/003/17/416/317416_500.jpg/melon/resize/282/quality/80/optimize, 인생은 나그네길 어디서 왔다가 어디로 가는가 ?  구름이 흘러가 듯 떠돌다 가는 길에 정일랑 두지 말자 미련일랑 두지 말자 !  인생은 나그네길 구름이 흘러가 듯 정처 없이 흘러서 간다.    인생은 벌거숭이 빈손으로 왔다가 빈손으로 가는가 ?  강물이 흘러가 듯 여울져 가는 길에 정일랑 두지 말자 미련일랑 두지 말자 !  인생은 벌거숭이 강물이 흘러가 듯 소리 없이 흘러서 간다. ,성인가요
66,1749951,허무한 마음 ,정원,https://cdnimg.melon.co.kr/cm/album/images/003/59/546/359546_500.jpg/melon/resize/282/quality/80/optimize, 마른잎이 한 잎 두 잎 떨어지던 지난 가을날 사무치는 그리움만 남겨놓고 가버린 사람 다시 또 쓸쓸히 낙엽은 지고 찬서리 기러기 울며 나는데 돌아온단 그 사람은 소식없어 허무한 마음  다시 또 쓸쓸히 낙엽은 지고 찬서리 기러기 울며 나는데 돌아온단 그 사람은 소식없어 허무한 마음    ,성인가요
67,3620469,화진포에서 맺은 사랑 ,이시스터즈,https://cdnimg.melon.co.kr/cm/album/images/020/38/466/2038466_500.jpg/melon/resize/282/quality/80/optimize, 황금물결 아하 찰랑대는 아햐 정다운 바닷가 정다운 바닷가 아름다운 아하 화진포에 아하 맺은 사랑아 맺은 사랑아 꽃 구름이 흘러가는 수평선 저너머 푸른 꿈이 뭉게뭉게 가슴 적시면 모래껍질 아하 줏어모아 아하 마음을 수 놓고 마음을 수 놓고 영원토록 아하 변치말자 아하 맹세한 사랑 맹세한 사랑 은물결이 아하 반짝이는 아하 그리운 화진포 그리운 화진포 모래 위에 아하 새겨놓은 아하 사랑의 언약 사랑의 언약 흰 돛단배 흘러가는 수평선 저 멀리 오색 꿈이 곱게곱게 물결쳐오면 모래성을 아하 쌓아놓고 아하 손가락 걸며 손가락 걸며 영원토록 아하 변치말자 아하 맹세한 사랑 맹세한 사랑  ,성인가요
68,1125008,가슴아프게 ,남진,https://cdnimg.melon.co.kr/cm/album/images/003/15/077/315077_500.jpg/melon/resize/282/quality/80/optimize,None,성인가요
69,991634,갈대의 순정 ,박일남,https://cdnimg.melon.co.kr/cm/album/images/003/09/641/309641_500.jpg/melon/resize/282/quality/80/optimize, 사나이 우는 마음을 그 누가 아랴 바람에 흔들리는 갈대의 순정 사랑엔 약한 것이 사나이 마음 울지를 마라 아 아 갈대의 순정  말없이 보낸 여인이 눈물을 아랴 가슴을 파고드는 갈대의 순정 못잊어 우는 것은 사나이 마음 울지를 마라 아 아 갈대의 순정    ,성인가요
70,179097,갑돌이와 갑순이 ,김세레나,https://cdnimg.melon.co.kr/cm/album/images/000/08/109/8109_500.jpg/melon/resize/282/quality/80/optimize, 갑돌이와 갑순이는 한 마을에 살았드래요  둘이는 서로서로 사랑을 했드래요  그러나 둘이는 마음뿐이래요  겉으로는 음- 모르는 척 했드래요  모르는 척 했드래요  그러다가 갑순이는 시집을 갔드래요  시집간날 첫날밤에 한없이 울었드래요  갑순이 마음은 갑돌이 뿐이래요  겉으로는 음- 않그런 척 했드래요  않그런 척 했드래요  갑돌이도 화가나서 장가를 갔드래요  장가간날 첫날밤에 달을보고 울었드래요  갑돌이 마음도 갑순이 뿐이래요  겉으로는 음- 고까짓것 했드래요  고까짓것 했드래요 고까짓것 했드래요 -  ,"국악, 국악가요"
71,1661564,경상도 청년 ,김상희,https://cdnimg.melon.co.kr/cm/album/images/003/53/370/353370_500.jpg/melon/resize/282/quality/80/optimize, 내 마음을 나와 같이 알아줄 사람은 경상도 그 청년 한사람뿐입니다 덥수룩한 얼굴에 검은 수염은 나이보다 칠팔세 위로 보지만 구수한 사투리에 매력이 있어 단 한번 극장 구경만 하였답니다  내 가슴에 감춘 사랑 바칠 사람은 경상도 그 청년 한 사람뿐입니다 유모어는 없어도 너털웃음은 점잖하신 사장님 타입이지만 사랑엔 약한 것이 재미가 있어 단 한번 데이트를 하였답니다    ,성인가요
72,903370,나는 곰이다 ,최희준,https://cdnimg.melon.co.kr/cm/album/images/003/07/082/307082_500.jpg/melon/resize/282/quality/80/optimize, 미련하다 못났다 골려도 좋다 재주는 없다마~는 할 짓은 다한다 태산이 높다 해~도 못 오를게 무어냐 험한 길 자빠져~도 웃으면서 일어나 자빠져도 코를 다쳐도 울지 않겠다 산만 보고 걸어가~는 나는 곰이다  사람마다 못났다 웃어도 좋다 재주는 없다마~는 할 짓은 다한다 하늘이 넓다만~은 내 마음에 비할까 가는 길이 험~해~도 뛰~어라 뛰어라 자빠져도 코를 다쳐도 울지 않겠다 산만 보고 걸어가~는 나는 곰이다 ,성인가요
73,1661559,대머리 총각 ,김상희,https://cdnimg.melon.co.kr/cm/album/images/003/53/370/353370_500.jpg/melon/resize/282/quality/80/optimize, 여덟시 통근길에 대머리 총각 오늘도 만나려나 떨리는 마음 시원한 대머리에 나이가 들어 행여나 장가갔나 근심하였죠 여덟시 통근길에 대머리 총각 내일도 만나려나 기다려지네  무심코 그를 따라 타고 본 전차 오가는 눈총속에 싹트는 사랑 빨갛게 젖은 얼굴 부끄러움에 처녀 맘 아는듯이 답하는 미소 여덟시 통근길에 대머리 총각 내일도 만나려나 기다려지네 내일도 만나려나 기다려지네   ,성인가요
74,3991162,돈이면 최고냐 ,남진,https://cdnimg.melon.co.kr/cm/album/images/021/70/344/2170344_500.jpg/melon/resize/282/quality/80/optimize,None,성인가요
75,1589358,돌아가는 삼각지 ,배호,https://cdnimg.melon.co.kr/cm/album/images/003/46/918/346918_500.jpg/melon/resize/282/quality/80/optimize, 삼각지로터리에 궂은비는오는데 잃어버린 그사람을 아쉬워하며 비에젖어 한숨짓는 외로운 사나이가  서글피 찿아왔다 울고가는 삼각지 삼각지로터리를 헤매보는 이발길 떠나버린 그 사람을 그리워하며 눈물젖어 불러보는 외로운 사나이가 남몰래 찿아왔다 돌아가는 삼각지 ,성인가요
76,1125279,돌지않는 풍차 ,문주란,https://cdnimg.melon.co.kr/cm/album/images/003/15/084/315084_500.jpg/melon/resize/282/quality/80/optimize, 사랑도 했다 미워도 했다 그러나 말은 없었다 소낙비 사랑에는 마음껏 웃고 미움이 서릴 때면 몸부림을 치면서 말 없이 살아온 그 오랜 세월은 아 아 돌지 않는 풍차여  울기도 했다 웃기도 했다 그래도 한은 없었다 눈물이 흐를 때는 말 없이 울고 웃음이 서릴때면 너털웃음 속에서 말 없이 지내온 기나긴 세월은 아 아 돌지 않는 풍차여     ,발라드
77,47664,두메산골 ,신행일,https://cdnimg.melon.co.kr/cm/album/images/000/06/370/6370_500.jpg/melon/resize/282/quality/80/optimize, 산을 넘고 물을 건너 고향 찾아서 너 보고 찾아왔네 두메나 산골 도라지 꽃 피던 그 날 맹세를 걸고 떠났지 산딸기 물에 흘러 떠나가고 두 번 다시 타향에 아니 가련다 풀 피리 불며 불며 노래하면서 너와 살련다  재를 넘어 영을 넘어 옛 집을 찾아 물방아 찾아왔네 달 뜨는 고향 새 소리 정다운 그 날 맹세를 걸고 떠났지 구름은 흘러 흘러 떠나가고 두 번 다시 타향에 아니 가련다 수수밭 감자밭에 씨를 뿌리며 너와 살련다    ,성인가요
78,1661563,뜨거워서 싫어요 ,김상희,https://cdnimg.melon.co.kr/cm/album/images/003/53/370/353370_500.jpg/melon/resize/282/quality/80/optimize, 누구나 사랑을 속삭일 때는 귀를 막고 그 사람의 눈만 보세요 이런 말 저런 말 어쩌구 저쩌구 뜨거운 말일수록 믿지마세요 아 믿지마세요 사랑이란 그런 것 뜨거워서 싫어요  누구나 사랑을 속삭일 때는 꽃이 되고 새가 되고 양이 되지요 이런 말 저런 말 어쩌구 저쩌구 맹세의 말일수록 믿지마세요 아 믿지마세요 사랑이란 그런 것 뜨거워서 싫어요    ,성인가요
79,1125030,마음이 고와야지 ,남진,https://cdnimg.melon.co.kr/cm/album/images/003/15/077/315077_500.jpg/melon/resize/282/quality/80/optimize, 새까만 눈동자의 아가씨  겉으론 거만한 것 같아도  마음이 비단같이 고와서  정말로 나는 반했네   마음이 고와야 여자지  얼굴만 예쁘다고 여자냐  한번만 마음주면 변치않는  여자가 정말 여자지   사랑을 할때는  두눈이 먼다고 해도  아가씨 두 눈은  별같이 반짝거리네   마음이 고와야 여자지  얼굴만 예쁘다고 여자냐  한번만 마음주면 변치않는  여자가 정말 여자지   새까만 눈동자의 아가씨  겉으론 거만한 것 같아도  마음이 비단같이 고와서  정말로 나는 반했네   마음이 고와야 여자지  얼굴만 예쁘다고 여자냐  한번만 마음주면 변치않는 여자가 정말 여자지   사랑을 할때는  두눈이 먼다고 해도  아가씨 두 눈은  별같이 반짝거리네   마음이 고와야 여자지  얼굴만 예쁘다고 여자냐  한번만 마음주면 변치않는  여자가 정말 여자지 -  ,성인가요
80,2335774,마음이 변하기 전에 ,윤복희,https://cdnimg.melon.co.kr/cm/album/images/007/04/752/704752_500.jpg/melon/resize/282/quality/80/optimize, 나를 좋아한다는 그 마음이 변하기전에 나를 사랑한다는 그 마음이 변하기전에 나를 좋아한다는 그 마음이 변하기전에 어서요 빨리요 말해주세요 좋다가 싫어지면 나는 어떡해에 사랑하다가 헤어지면 가슴만 아픈데에 나를 사랑한다는 그 마음이 변하기전에 어서요 빨리요 결혼해죠요 나를 좋아한다는 그마음이 변하기전에 나를 사랑한다는 그 마음이 변하기전에  나를 좋아한다는 그 마음이 변하기전에 어서요 빨리요 말해주세요 좋다가 싫어지면 나는 어떡해에 사랑하다가 헤어지면 가슴만 아픈데 헤이에 나를 사랑한다는 그 마음이 변하기전에 어서요 빨리요 안아주세요 어서요 빨리요 결혼해줘요 ,성인가요
81,3621634,먼데서 왔우다예 ,이상열,https://cdnimg.melon.co.kr/cm/album/images/020/38/914/2038914_500.jpg/melon/resize/282/quality/80/optimize, 마음속에 스며있는 당신의 말을 고이고이 간직하고 찾아왔어요 애타는 이가슴 언제까지나 당신을 그리며 헤매이었소 불러도 대답없는 그 이름은 아 삼다도 그 어디에 계신가요 가슴속에 못박힌 그 사람은 나에겐 오직 하나 오직 하나뿐 어디에 계신가요 당신은 지금 어디 목메어 부르는 그대 이름 불러도 대답없는 그 이름은 아 삼다도 그 어디에 계신가요   ,성인가요
82,3621622,못잊어서 또왔네 ,이상열,https://cdnimg.melon.co.kr/cm/album/images/020/38/914/2038914_500.jpg/melon/resize/282/quality/80/optimize, 못 잊어서 또 왔네 미 -련 때문에- 못 잊어서 또 왔네 그 -대 보고파- 차가운 추억이랑 달래보려고-- 울며 가던 내가왔네 못잊어왔네 그리움 찾아서 내 -가 또왔네--~ --간주곡 연주 중입니다-- --가사작성자 최영식입니다-- 울고 떠난 내가 왔네 그 -리다 지쳐 울고 떠난 내가 왔네 상 -처가 아파 기나긴 세월속에 멍든 마음을-- 행여 다시 달래줄까 반겨주실까 보고픈 님 찾아서 내가 또 왔네  ,성인가요
83,176427,몽땅 내사랑 ,현미,https://cdnimg.melon.co.kr/cm/album/images/000/08/388/8388_500.jpg/melon/resize/282/quality/80/optimize, 길을 가다가 사장님하고 살짝 불렀더니 열에 열사람 모두가 돌아 보데요 사원 한사람 구하기가 어렵다는데 왜 그렇게 사장님은 흔한지 몰라요 앞을 봐도 뒤를 봐도 몽땅 사장님 그렇지만 사장님은 외롭고 괴로워 사랑 사랑 내 사랑 몽땅 내 사랑  길을 가다가 사장님하고 불렀는데도 그 중 한 사람 말없이 그냥 가길래 깜짝 놀라서 보았더니 전무라나요 전무님들도 올라가면 사장이 되죠 앞을 봐도 뒤를 봐도 몽땅 사장님 그렇지만 사장님은 외롭고 괴로워 사랑 사랑 내 사랑 몽땅 내 사랑   ,성인가요
84,1003822,바보처럼 울었다 ,진송남,https://cdnimg.melon.co.kr/cm/album/images/003/10/258/310258_500.jpg/melon/resize/282/quality/80/optimize, 그렇게 그렇게 사랑을 하면서도 어이해 어이해 말 한마디 못한채 바보처럼 바보처럼 그 님을 잃어버리고 그까짓것 해보건만 아무래도 못잊어 아무래도 못잊어서 바보처럼 울었다 목을 놓아 울었다  차라리 차라리 생각을 말자해도 너무나 너무나 사랑했던 까닭에 바보처럼 바보처럼 미련을 버리지 못해 수소문을 해보건만 찾을길이 막연해 찾을길이 막연해서 바보처럼 울었다 소리치며 울었다    ,성인가요
85,1185250,빛과 그림자 ,최희준,https://cdnimg.melon.co.kr/cm/album/images/003/17/416/317416_500.jpg/melon/resize/282/quality/80/optimize, 사랑은 나의 행복 사랑은 나의 불행 사랑하는 내 마음은 빛과 그리고 그림자 그대 눈동~자 태양 처럼 빛날때 나는 그대의 어두운 그림자 사랑은 나의 천국 사랑은 나의 지옥 사랑하는 내 마음은 빛과 그리고 그림자  그대 눈동~자 태양처럼 빛날때 나는 그대의 어두운 그림자 사랑은 나의 천국 사랑은 나의 지옥 사랑하는 내 마음은 빛과 그리고 그림자 빛과 그리고 그림자 ,성인가요
86,4054785,사랑아 내 사랑아 ,태원,https://cdnimg.melon.co.kr/cm/album/images/021/77/787/2177787_500.jpg/melon/resize/282/quality/80/optimize,None,성인가요
87,4588274,사랑을 하면 예뻐져요 ,봉봉사중창단,https://cdnimg.melon.co.kr/cm/album/images/022/49/677/2249677_500.jpg/melon/resize/282/quality/80/optimize, 사랑을 하면은 예뻐져요  사랑을 하면은 예뻐져요  아무리 못생긴 아가씨도  사랑을 하면은 예뻐져요  사랑을 하면은 꽃이 피네  사랑을 하면은 꽃이 피네  아무리 호박꽃 아가씨도  사랑을 하면은 꽃이 피네  못 생긴 여자들은 모두 다 사랑하소  사랑을 하면은 모두 다 미인되네  사랑을 하면은 예뻐져요  사랑을 하면은 꽃이 피네  키다리 뚱뚱보 아가씨도  사랑을 하면은 예뻐져요  사랑을 하면은 예뻐져요  사랑을 하면은 예뻐져요  아무리 못생긴 아가씨도  사랑을 하면은 예뻐져요  사랑을 하면은 꽃이 피네  사랑을 하면은 꽃이 피네  아무리 호박꽃 아가씨도  사랑을 하면은 꽃이 피네  못 생긴 여자들은 모두 다 사랑하소  사랑을 하면은 모두 다 미인되네  사랑을 하면은 예뻐져요  사랑을 하면은 꽃이 피네  죽은 깨 여드름 아가씨도  사랑을 하면은 예뻐져요  사랑을 하면은 예뻐져요  ,성인가요
88,1185312,사랑의 종말 ,차중락,https://cdnimg.melon.co.kr/cm/album/images/003/17/420/317420_500.jpg/melon/resize/282/quality/80/optimize, 외로워 외로워서 못 살겠어요 하늘과 땅 사이에 나 혼자 사랑을 잊지 못해 애타는 마음 대답없는 메아리 허공에 지네 꽃잎에 맺힌 사랑 이루지 못해 그리움에 타는 마음 달래 가면서 이렇게 가슴이 아플줄 몰랐어요 외로워 외로워서 못 살겠어요  외로워 외로워서 못 살겠어요 하늘과 땅 사이에 나 혼자 사랑을 잊지 못해 애 타는 마음 대답없는 메아리 허공을 지네 꽃잎에 맺힌 사랑 이루지 못해 그리움에 타는 마음 달래가면서 이렇게 가슴이 아플줄 몰랐어요 외로워 외로워서 못 살겠어요    ,성인가요
89,65137,사월이 가면 ,패티김,https://cdnimg.melon.co.kr/cm/album/images/000/05/080/5080_500.jpg/melon/resize/282/quality/80/optimize, 눈을 감으면 보이는 얼굴 잠이 들면은 꿈속의 사랑 사월이 가면 떠나갈 사람 오월이 오면 울어야 할 사람 사랑이라면 너무 무정해 사랑한다면 가지를 마라 날이 갈수록 깊이 정들고 헤어보면은 애절도 해라  사랑이라면 너무 무정해 사랑한다면 가지를 마라 사월이 가면 떠나야 할 그 사람 오월이 오면 울어야 할 사람    ,성인가요
90,730605,삼일로 ,여운,https://cdnimg.melon.co.kr/cm/album/images/003/00/458/300458_500.jpg/melon/resize/282/quality/80/optimize, 삼일로 고갯길을 같이 가던 그날 밤 영원토록 이 거리를 잊지 말자고 거니는 발자욱에 새긴 그 사랑 날이 새면 지워질까 삼일로 고갯길  삼일로 가로등을 세며 가던 그날 밤 영원토록 그 등불을 잊지 말자고 거니는 순간에는 즐거웠지만 내일이면 추억남길 삼일로 고갯길    ,성인가요
91,167743,새타령 ,김세레나,https://cdnimg.melon.co.kr/cm/album/images/000/08/753/8753_500.jpg/melon/resize/282/quality/80/optimize, 새가 날아든~다~ 온갖 잡새가 날아든~다~ 새중에는 봉황~새~~~ 만수 문전에 풍년새 산고곡심 무인~처~ 수립비조 뭇새들이 농촌 화답에 짝을 지~어 생긋 생긋이 날아든~다~ 저 쑥국새가 울음운~다~ 울~어~~~~ 울어 울~~~어 울음운~다~ 이 산으로 가면 쑥꾹 쑥꾹 저 산으로 가면 쑥쑥꾹 쑥꾹 아하 이히 이히 이히 이히이히히 이히 좌우로 다~~~녀 울~음 운다~  명랑한 새 울음운~다~ 저 꾀꼬리가 울음운다 어디로 가나~ 이~~~쁜~새 어디로 가나~ 귀여운 새 온갖 소리를 모른다~하여 울어~ 울~~어 울어 울~~~어 울~음운다~ 이 산으로 가면 꾀꼴 꾀꼴 저 산으로 가면 꾀꾀꼴 꾀꼴 아하 어이 이히 이히 이히이히히 이히 좌우로 다~~~녀 울~음운~다  ,성인가요
92,2068575,섬마을 선생님 ,이미자,https://cdnimg.melon.co.kr/cm/album/images/005/05/151/505151_500.jpg/melon/resize/282/quality/80/optimize,해당화 피고지는 섬마을에 철새따라 찾아온  총각 선생님  19살 섬색시가 순정을 바쳐 사랑한 그 이름은 총각 선생님  서울엘랑 가지를 마오 가지를 마오  구름도 쫒겨가는 섬마을에 무엇하러 왔는가 총각 선생님  그리움이 별처럼 쌓이는 바닷가에 시름을 달래보는 총각 선생님 서울엘랑 가지를 마오 떠나지 마오,성인가요
93,1632354,안개 ,정훈희,https://cdnimg.melon.co.kr/cm/album/images/003/50/885/350885_500.jpg/melon/resize/282/quality/80/optimize, 나홀로 걸어가는 안개만이 자욱한 이 거리 그 언젠가 다정했던 그대의 그림자 하나 생각하면 무엇 하나 지나간 추억 그래도 애타게 그리는 마음 아아아아 아아아 아아아아 아아아 그 사람은 어디에 갔을까 안개 속에 외로히 하염없이 나는 간다  돌아서면 가로막는 낮은 목소리 바람이여 안개를 걸어 가다오 아아아아 아아아 아아아아 아아아 그 사람은 어디에 갔을까 안개 속에 눈을 떠라 눈물을 감추어라    ,발라드
94,1589359,안개낀 장충단공원 ,배호,https://cdnimg.melon.co.kr/cm/album/images/003/46/918/346918_500.jpg/melon/resize/282/quality/80/optimize, 안개낀 장충단 공원 누구를 찾아왔나 낙엽송 고목을 말없이 쓸어안고 울고만 있을까 지난 날 이 자리에 새긴 그 이름 뚜렷이 남은 이 글씨 다시 한 번 어루만지며 돌아서는 장충단 공원  비탈길 산길을 따라 거닐던 산기슭에 수많은 사연에 가슴을 움켜쥐고 울고만 있을까 가버린 그 사람이 남긴 발자취 낙엽만 쌓여 있는데 외로움을 달래가면서 돌아서는 장충단 공원    ,성인가요
95,1185110,애인 ,현미,https://cdnimg.melon.co.kr/cm/album/images/003/17/403/317403_500.jpg/melon/resize/282/quality/80/optimize, 사랑해선 안되나요 정이 들면 안되나요 주고 싶은 사랑도 받고 싶은 그정도 우리들은 안되나요 이미 엎질러진 물인걸 이미 깨진 유리잔인걸 이제 와서 어떡해요 이미 사랑해 버린걸 알아요 나도 알아요 맺지 못한다는걸 조금만 시간을 줘요 내가 돌아설 수 있게  이미 엎질러진 물인걸 이미 깨진 유리잔인걸 이제 와서 어떡해요 이미 사랑해 버린걸 알아요 나도 알아요 맺지 못한다는걸 조금만 시간을 줘요 내가 돌아설 수 있게 조금만 시간을 줘요 내가 돌아설 수 있게    ,성인가요
96,3486216,야간 졸업반 ,금호동,https://cdnimg.melon.co.kr/cm/album/images/013/38/255/1338255_500.jpg/melon/resize/282/quality/80/optimize,None,성인가요
97,48736,엘레지의 여왕 ,이미자,https://cdnimg.melon.co.kr/cm/album/images/000/04/469/4469_500.jpg/melon/resize/282/quality/80/optimize,1. 바람에 구름 가 듯 흐르는 세월에  수많은 괴로움도 참고 견디어  가냘픈 어린 가슴 속에보고픈 어머니가  그리워지면 혼자 울다 지쳐서  꿈길로 떠닙니다.   2. 꽃 피면 봄이 오고 초원은 푸른데  걸어온 자국 마다 한숨 어리어  유전의 애수 젖어들면 입술을 깨물면서  희망에 살고 외로움을 달래며  굳세게 살렵니다.,성인가요
98,1124998,우수 ,남진,https://cdnimg.melon.co.kr/cm/album/images/003/15/077/315077_500.jpg/melon/resize/282/quality/80/optimize, 맺지 못할 인연일랑 생각을 말자 마음에 다짐을 받고 또 받아 한백번 달랬지만 어쩔 수 없네 잊으려 해도 잊지 못할 그대 모습 그려볼 때 밤비는 끝없이 소리없이 내 마음 들창가에 흘러 내린다  맺지 못할 사랑일랑 생각을 말자 아쉬운 미련만 남고 또 남아 잊으려 애썼지만 잊을 길 없네 빗줄기 속에 추억 싫어 그대 이름 불러볼 때 밤비는 끝없이 하염없이 마음의 슬픔처럼 흘러 내린다    ,성인가요
99,1077277,울려고 내가 왔나 ,남진,https://cdnimg.melon.co.kr/cm/album/images/003/11/999/311999_500.jpg/melon/resize/282/quality/80/optimize, 울려고 내가 왔나 누굴 찾아 나 여기왔나  낯설은 타향땅에 내가 왜 왔나  하늘마저 날 울려 궂은비는 내리고  무정할사 옛사람아 그대 찾아  천리길을 울려고 내가 왔나   그 누구 찾아왔나 영산강아 말해다오  낯설은 타향땅에 내가 왜 왔나  하늘마저 날 울려 궂은비는 내리고  무정할사 옛사람아 그대 찾아  천리길을 울려고 내가 왔나 ,성인가요
100,1661562,울산큰애기 ,김상희,https://cdnimg.melon.co.kr/cm/album/images/003/53/370/353370_500.jpg/melon/resize/282/quality/80/optimize, 내 이름은 경상도 울산 큰애기 상냥하고 복스런 울산 큰애기 서울 간 삼돌이가 편지를 보냈는데 서울에는 어여쁜 아가씨도 많지만 울산이라 큰애기가 제일 좋대나 나도야 삼돌이가 제일 좋더라 [간주중] 내 이름은 경상도 울산 큰애기 다정하고 순직한 울산 큰애기 서울 간 삼돌이가 편지를 보냈는데 성공할 날 손꼽아 기다려 준다면 좋은 선물 한 아름 안고 온대나 그래서 삼돌이가 제일 좋더라    ,성인가요
101,2335775,웃는 얼굴 다정해도 ,윤복희,https://cdnimg.melon.co.kr/cm/album/images/007/04/752/704752_500.jpg/melon/resize/282/quality/80/optimize, 눈짓 몸짓 다정해도 믿을 수 없어요  달이 가면 변할 줄 알았으니까   웃는 얼굴 다정해도 믿을 수 없어요  해가 가면 변할 줄 알았으니까   만나서 하는 이야기 즐겁긴 해도  돌아서면 잊어버리는 간지러운 속삭임   그러니까 당신을 믿을 수 없어요   눈짓 몸짓 다정해도 믿을 수 없어요  달이 가면 변할 줄 알았으니까   웃는 얼굴 다정해도 믿을 수 없어요  해가 가면 변할 줄 알았으니까   헤어지면 아픈 가슴 슬프긴 해도  돌아서면 잊어버리는 쑥스러운 속삭임   그러니까 당신을 믿을 수 없어요 -  ,성인가요
102,2068585,유달산아 말해다오 ,이미자,https://cdnimg.melon.co.kr/cm/album/images/005/05/151/505151_500.jpg/melon/resize/282/quality/80/optimize, 꽃피는 유달산아 꽃을 따던 처녀야 달뜨는 영산강에 노래하던 총각아 그리움을 못잊어서 천리길을 왔건만 임들은 어디 갔나 다 어딜갔나 유달산아 말해다오 말 좀 해다오  옛 보던 노적봉도 변함없이 잘 있고 안개낀 삼학도에 물새들도 자는데 그리워서 서러워서 불러보는 옛노래 임이여 들으시나 못 들으시나 영산강아 말해다오 말좀해다오    ,성인가요
103,176439,육군 김일병 ,봉봉사중창단,https://cdnimg.melon.co.kr/cm/album/images/000/08/388/8388_500.jpg/melon/resize/282/quality/80/optimize, 신병훈련 육개월에 작대기 두개 그래도 그게 어디냐고  신나는 김일병 헤이 부라보 김일병 기상나팔에는  투덜대지만 헤이 부라보 김일병 식사시간에는  용감한병사 신나는 휴가때면은 서울의 거리는 내차지 나는야 졸병이지만 그녀는 멋쟁이 백발뱅중 사수에다  인기도 좋아 헤이 부라보 핸섬보이 육군 김일병님  용감한 병사  신병 훈련 육개월에 작대기 두개 그대로 그게  어디냐고 신나는 김일병 헤이부라보 김일병 동네아가씨들  맘설레놓고 헤이부라보 김일병 시침떼고가는 멋쟁이병사 아가씨 울지말아요 이다음 외출때는 만나요 살며시  윙크해주는 그 매력넘버원 백발백중 사수에다 인기도  좋아 헤이 부라보 핸섬보이 육군 김일병님 용감한 병사    ,성인가요
104,48721,임금님의 첫사랑 ,이미자,https://cdnimg.melon.co.kr/cm/album/images/000/04/472/4472_500.jpg/melon/resize/282/quality/80/optimize, 북촌마을 산다는 우리 낭군은 어느댁 도령인지 알수 없지만 밤에만 살짝이 찾아오셔서 날 울려놓고 돌아가시는 무정한 우리님은 알고보니 임금님이래요 임금님이래요  하늘같이 높으신 우리 낭군은 어느나라 임금인지 알수 없지만 벽오동 사이로 팔 걸어놓고 님 기다리는 애끓는 마음 무정한 우리님은 알고보니 임금님이래요 임금님이래요    ,성인가요
105,3621729,찻집의 부르스 ,성재희,https://cdnimg.melon.co.kr/cm/album/images/020/38/922/2038922_500.jpg/melon/resize/282/quality/80/optimize, 그대와 같이 앉았던   찻집의 멜로디   어제와 같이 변함없이   우리를 기다리는데   오늘 다시 찾아왔겄만   반겨줄 미소 잃어버렸네   그대와 같이 즐기던   찻집의 멜로디   어제와 같이 변함없이   우리를 기다리는데   오늘 다시 찾아왔겄만   반겨줄 미소 잃어버렸네   그대와 같이 즐기던   찻집의 멜로디   어제와 같이 변함없이  우리를 기다리는데   ,성인가요
106,3005476,부르벨즈,부르벨즈,https://cdnimg.melon.co.kr/cm/album/images/010/62/779/1062779_500.jpg/melon/resize/282/quality/80/optimize,None,성인가요
107,1185257,팔도강산 ,최희준,https://cdnimg.melon.co.kr/cm/album/images/003/17/416/317416_500.jpg/melon/resize/282/quality/80/optimize, 팔도강산 좋을시고 딸을 찾아 백리길 팔도강산 얼싸안고 아들 찾아 천리길 에헤야 데헤야 우리 강산 얼시구 에헤야 데헤야 우리 강산 절시구 잘 살고 못 사는게 마음 먹기 달렸더라 잘 살고 못 사는게 마음 먹기  달렸더라 줄줄이 팔도강산 좋구나 좋아  팔도강산 좋을시고 살판이 났네 팔도강산 얼싸안고 웃음꽃을 피우네 에헤야 데헤야 우리강산 얼시구 에헤야 데헤야 우리 살림 절시구 잘 살고 못 사는게 마음 먹기 달렸더라 잘 살고 못 사는게 마음 먹기 달렸더라 줄줄이 팔도강산 좋구나 좋아    ,성인가요
108,1125994,하와이 연정 ,패티김,https://cdnimg.melon.co.kr/cm/album/images/003/15/115/315115_500.jpg/melon/resize/282/quality/80/optimize, 사랑이란 즐겁게 왔다가 슬프게 가는것 훌라춤에 흥겹던 기쁨도 모레알에 새겨진 사연도 파도에 부서지는 이 순간 아아 가버린 그 사람 그 사랑 하와이안 기타에 목놓아 나여기 웁니다  사랑이란 살며시 왔다가 괴롭게 가는것 야자수 그늘아래 단꿈도 와이키키 해변의 맹서도 파도에 부서지는 이 순간 아아 가버린 그 사람 그 사랑 하와이안 기타에 목놓아 나여기 웁니다 나 여기 웁니다    ,성인가요
109,48725,흑산도 아가씨 ,이미자,https://cdnimg.melon.co.kr/cm/album/images/000/04/469/4469_500.jpg/melon/resize/282/quality/80/optimize, 남몰래 서러운 세월은 가고 물결은 천번 만번 밀려 오는데 못견디게 그리운 아득한 저 육지를 바라보다 검게 타버린 검게 타버린 흑산도 아가씨  한없이 외로운 달빛을 안고 흘러온 나그넨가 귀향 살인가 애타도록 보고픈 머나먼 그 서울을 그리다가 검게 타 버린 검게 타 버린 흑산도 아가씨    ,성인가요
110,1125963,9월의 노래,패티김,https://cdnimg.melon.co.kr/cm/album/images/003/15/115/315115_500.jpg/melon/resize/282/quality/80/optimize, 구월이 오는 소리 다시 들으면 꽃잎이 피는 소리 꽃잎이 지는 소리 가로수에 나뭇잎은 무성해도 우리들의 마음엔 낙엽은 지고 쓸쓸한 거리를 지나노라면 어디선가 부르는듯 당신 생각뿐 구월이 오는 소리 다시 들으면 사랑이 오는소리 사랑이 가는 소리 남겨준 한 마디가 또 다시 생각나 그리움에 젖어도 낙엽은 지고 사랑을 할 때면 그 누구라도 쓸쓸한 거리에서 만나고 싶은것    ,성인가요
111,3620925,가을의 연인 ,태원,https://cdnimg.melon.co.kr/cm/album/images/020/38/686/2038686_500.jpg/melon/resize/282/quality/80/optimize, 낙엽이 지기전에 구월은가고 시월이 가기전에 그리운사람 밤하늘 가득히 수놓은 별은 사연되어 조용히 비쳐만 오네 날으는 기러기도 짝을 잃으면 구만리 멀다않고 날아가는데 낙엽이 지기전에 구월은 가고 시월이 가기전에 그리운 사람 날으는 기러기도 짝을 잃으면 구만리 멀다않고 날아가는데 낙엽이 지기전에 구월은 가고 시월이 가기전에 그리운 사람  ,성인가요
112,3622621,가지를 마오 ,강소희,https://cdnimg.melon.co.kr/cm/album/images/020/39/119/2039119_500.jpg/melon/resize/282/quality/80/optimize, 가지를 마오  가지를 마오  돌아서 주세요  떠나가는 임의 마음  섧다 섧다 하여도  남아있는 내가슴속에  외로움을 아신다면은  아 가지를 마오  돌아서 주세요  가지를 마오  가지를 마오  돌아서 주세요  밤이 되면 달을 보고  임의 모습 그리며  그대 없는 들창가에서  밤이슬로 목을 축이는  아 가지를 마오 돌아서 주세요  ,성인가요
113,50942,강건너 등불 ,정훈희,https://cdnimg.melon.co.kr/cm/album/images/000/04/777/4777_500.jpg/melon/resize/282/quality/80/optimize, 그렇게도 다정하던 그 때 그 사람 언제라도 눈 감으면 보이는 얼굴 밤 하늘의 별처럼 수많은 사람 중에 아 당신 만을 잊지 못할까 사무치게 그리워서 강변에 서면 눈물속에 깜박이는 강 건너 등불  강물처럼 오랜 세월 흐르고 흘렀건만 아 당신 만을 잊지 못할까 나도 몰래 발길 따라 강변에 서면 눈물 속에 깜박이는 강 건너 등불 강 건너 등불    ,"발라드, 성인가요"
114,730613,과거는 흘러갔다 ,여운,https://cdnimg.melon.co.kr/cm/album/images/003/00/458/300458_500.jpg/melon/resize/282/quality/80/optimize, 즐거웠던 그 날이 올 수 있다면 아련히 떠오르는 과거로 돌아가서 지금에 내 심정을 전해보련만 아무리 뉘우쳐도 과거는 흘러갔다  잃어버린 그 님을 찾을 수 있다면 까맣게 멀어져 간 과거로 돌아가서 못다한 사연들을 전해보련만 아무리 뉘우쳐도 과거는 흘러갔다    ,성인가요
115,48727,그리움은 가슴마다 ,이미자,https://cdnimg.melon.co.kr/cm/album/images/000/04/469/4469_500.jpg/melon/resize/282/quality/80/optimize, 애타도록 보고파도 찾을 길 없네 오늘도 그려보는 그리운 얼굴 그리움만 쌓이는데 밤 하늘의 잔별 같은 수 많은 사연 꽃은 피고 지고 세월이 가도. 그리움은 가슴마다 사무쳐 오네  꿈에서도 헤맸지만 만날길 없네 바람 부는 신작로에 흩어진 낙엽 서러움만 더하는데 밤이슬에 젖어드는 서글픈 사연 꽃이 다시 피는 새봄이 와도 그리움은 가슴마다 메아리 치네    ,성인가요
116,992916,꽃집 아가씨 ,봉봉사중창단,https://cdnimg.melon.co.kr/cm/album/images/003/09/735/309735_500.jpg/melon/resize/282/quality/80/optimize, 꽃집의 아가씨는 예뻐요 그렇게 예쁠수가 없어요 그녀만 만나면은 그녀만 만나면은 내 가슴 울렁 울렁거려 꽃집의 아가씨는 미워요 그렇게 미울수가 없어요 너무나 새침해서 너무나 새침해서 설레는 내마음을 몰라요 예쁘고 예쁜 꽃들이 모두다 방실 웃는데 꽃보다 예쁜 그녀의 귀여운 그 얼굴만 언제나 새침해 어쩌다 한번만 웃으면 마음이 약한 나는 미쳐요 새빨간 장미보다 새하얀 백합보다 천배나 만배나 예뻐요  꽃집의 아가씨는 예뻐요 그렇게 예쁠수가 없어요 단둘이 만나면은 단둘이 만나면은 너무나 상냥해요 꽃집의 아가씨는 미워요 그렇게 미울수가 없어요 남들이 보는앞엔 남들이 보는앞엔 얄밉게 쌀쌀해져요 한번만 보면 누구나 당장에 정들 꺼에요 그러나 보진 마세요 그녀가 없으면 나혼자선 못살아요 어쩌다 한번만 웃으면 마음이 약한 나는 미쳐요 새빨간 장미보다 새하얀 백합보다 천배나 만배나 예뻐요 천배나 만배나 예뻐요 천배나 만배나 예뻐요    ,성인가요
117,4174614,꿀밤 삼백석 ,박지연,https://cdnimg.melon.co.kr/cm/album/images/021/92/929/2192929_500.jpg/melon/resize/282/quality/80/optimize,None,성인가요
118,1185306,낙엽따라 가버린 사랑 ,차중락,https://cdnimg.melon.co.kr/cm/album/images/003/17/420/317420_500.jpg/melon/resize/282/quality/80/optimize, 찬바람이 싸늘하게 얼굴을 스치며 따스하던 너의 두뺨이 몹시도 그리웁구나 푸르던 잎 단풍으로 곱게 곱게 물들어 그잎새에 사랑의 꿈 고이 간직하렸더니 아아아아 그 옛날이 너무도 그리워라 낙엽이 지면 꿈도 따라 가는줄 왜 몰랐던가 사랑하는 이 마음을 어찌 하오 어찌하오 너와 나의 사랑의 꿈 낙엽따라 가버렸으니  아아아아 그 옛날이 너무도 그리워라 낙엽이 지면 꿈도 따라 가는줄 왜 몰랐던가 사랑하는 이 마음을 어찌 하오 어찌하오 너와 나의 사랑의 꿈 낙엽따라 가버렸으니    ,성인가요
119,992925,네잎 크로바 ,이규항,https://cdnimg.melon.co.kr/cm/album/images/003/09/735/309735_500.jpg/melon/resize/282/quality/80/optimize, 네잎 크로바 찾으려고 꽃수풀 잔디에서 해가는줄 몰랐네 당신에게 드리고픈 네잎 크로바 사랑의 선물 희망의 푸른꿈 당신의 행운을 당신의 충성을 바치려고 하는맘 네잎 크로바 찾으려고 헤매는 마음 네잎 크로바  희망의 푸른꿈 당신의 행운을 당신의 충성을 바치려고 하는맘 네잎 크로바 찾으려고 헤매는 마음 네잎 크로바  ,성인가요
120,991753,능금빛 순정 ,신행일,https://cdnimg.melon.co.kr/cm/album/images/003/09/652/309652_500.jpg/melon/resize/282/quality/80/optimize, 사랑이 그립거든 손짓을 해요 말못할 순정은 빨간 능금알 수줍어 수줍어 고개 숙이다 조용히 불러주는 능금빛 순정  사랑을 따려거든 발돋음 해요 꽃바람 치면은 빨간 능금알 외로워 외로워 눈물 흘리다 말없이 떨어지는 능금빛 순정 ,성인가요
121,45848,단벌신사 ,김상희,https://cdnimg.melon.co.kr/cm/album/images/000/03/636/3636_500.jpg/melon/resize/282/quality/80/optimize, 단벌 신사 우리 애인은 서른 한 살 노총각님 단벌 옷에 넥타이 두개 언제나 변함없죠 멋이야 없지만 마음만은 진실해 주머니가 텅텅 비어 데이트를 못해도 단벌 신사 노총각님 당신을 사랑해요  단벌 신사 우리 애인은 서른 한 살 노총각님 단벌 구두 다 떨어져도 태연한 그 마음씨 돈이야 없지만 마음만은 미더워 흔해 빠진 영화관에 구경 한번 못 해도 단벌 신사 노총각님 당신을 사랑해요    ,성인가요
122,1003933,딜라일라 ,조영남,https://cdnimg.melon.co.kr/cm/album/images/003/10/266/310266_500.jpg/melon/resize/282/quality/80/optimize, i saw the light on the night that i passed by her window i saw the flickering shadows of love on her blind she was my woman as she deceived me i watched and went out of my mind my my my delilah why why why delilah i could see that girl was no good for me but i was lost like a slave that no man could free 밤 깊은 골목길 그대 창문 앞 지났네 창문에 비치는 희미한 두 그림자 그댄 내 여인 날 두고 누구와 사랑을 속삭이나 오 나의 딜라일라 왜 날 버리는가 애타는 이 가슴 달랠 길 없어 복수에 불 타는 마음만 가득찼네  그댄 내 여인 날 두고 누구와 사랑을 속삭이나 오 나의 딜라일라 왜 날 버리는가 애타는 이 가슴 달랠 길 없어 복수에 불 타는 마음만 가득찼네 forgive me delilah i just couldn't take any more    ,성인가요
123,1125436,마포 종점 ,은방울 자매,https://cdnimg.melon.co.kr/cm/album/images/003/15/093/315093_500.jpg/melon/resize/282/quality/80/optimize, 밤깊은 마포종점 갈 곳없는 밤전차 비에 젖어 너도 섰고 갈 곳없는 나도 섰다 강건너 영등포에 불빛만 아련한데 돌아오지 않는 사람 기다린들 무엇하나 첫사랑 떠나간 종점 마포는 서글퍼라  저멀리 당인리에 발전소도 잠든 밤 하나 둘씩 불을끄고 깊어가는 마포종점 여의도 비행장엔 불빛만 쓸쓸한데 돌아오지 않는 사람 생각한들 무엇하나 궂은 비 내리는 종점 마포는 서글퍼라    ,성인가요
124,3005812,금호동,금호동,https://cdnimg.melon.co.kr/cm/album/images/010/62/806/1062806_500.jpg/melon/resize/282/quality/80/optimize,None,성인가요
125,1749953,무작정 걷고싶어 ,정원,https://cdnimg.melon.co.kr/cm/album/images/003/59/546/359546_500.jpg/melon/resize/282/quality/80/optimize, 무작정 걷고싶어 고요한 순간에서 무작정 걷고싶어 보고픈 사람이라 밤비오는 거리를 내가슴 숨어진 그리움을 노래하며 무작정 걷고 싶어 - 간 주 중 - 그리운 님이기에 밤비오는 거리를 가슴에 간직한 그리움을 부르면서 무작정 걷고싶어    ,성인가요
126,1925268,별빛속의 Love Letter ,최희준,https://cdnimg.melon.co.kr/cm/album/images/003/97/297/397297_500.jpg/melon/resize/282/quality/80/optimize, 별빛 속에 밀려와 모이는 것은 모두가 당신의 고운 눈동자 별빛 속에 흘러서 들리는 것은 모두가 당신의 고운 목소리 잠 못이루는 이 밤은  사랑의 기쁨 설레여 가득 찬 그리운 생각 그리며 별빛 속에 조용히 찾아와 주는 포근한 당신의 장및빛 꿈길  잠 못이루는 이 밤은  사랑의 기쁨 설레여 가득찬 그리운 생각 그리며 별빛 속에 조용히 찾아와 주는 포근한 당신의 장및빛 꿈길  장및빛 꿈길 ,성인가요
127,1124975,별아 내가슴에 ,남진,https://cdnimg.melon.co.kr/cm/album/images/003/15/074/315074_500.jpg/melon/resize/282/quality/80/optimize,1. 사랑의 이름으로 그리운 눈동자로 별아 내가슴에 안기어다오 당신을 못잊어서 자나 깨나 애타는 내 마음속에 아로새긴 사랑하는 그얼굴  아아아아 아아아아 별아 내가슴에  영원히 비쳐다오  2. 저멀리 떠나가는 정다운 눈동자로 별아 내가슴에 속삭여다오  낮이나 밤이나 못잊어서 그리운 내 마음속에 찾아드는 사랑하는 그모습  아아아아 아아아아 별아 내가슴에  영원히 살아다오,성인가요
128,48732,사랑했는데 ,이미자,https://cdnimg.melon.co.kr/cm/album/images/000/04/469/4469_500.jpg/melon/resize/282/quality/80/optimize, 사랑 했는데 서로가 좋아서 아 아 사랑했는데 어이 혼자 울어야 하나 아 아 여자의 눈물 그 팔에 안기어 꿈꾸던 창가엔 시들은 장미꽃 이 마음 따라우네 사랑했는데 서로가 좋아서 아 아 사랑했는데  그 팔에 안기어 꿈꾸던 창가엔 시들은 장미꽃 이 마음 따라우네 사랑했는데 서로가 좋아서 아 아 사랑했는데    ,성인가요
129,3675491,산팔자 물팔자 ,이미자,https://cdnimg.melon.co.kr/cm/album/images/020/64/206/2064206_500.jpg/melon/resize/282/quality/80/optimize,None,성인가요
130,48709,서울이여 안녕 ,이미자,https://cdnimg.melon.co.kr/cm/album/images/000/04/472/4472_500.jpg/melon/resize/282/quality/80/optimize, 안녕 안녕 서울이여 안녕 그리운 님 찾아 바다건너 천리길 쌓이고 쌓인 회포 풀려고 왔는데 님의 마음 변하고 나홀로 돌아가네 그래도 님 계시는 서울하늘 바라보며 안녕 안녕 서울이여 안녕  안녕 안녕 서울이여 안녕 아득한 옛날 어려운 일 이기고 백년을 같이하자 맹세를 했는데 세월이 님을 앗아 나혼자 울고 가네 그래도 님 계시는 서울하늘 바라보며 안녕 안녕 서울이여 안녕    ,성인가요
131,48739,아네모네 ,이미자,https://cdnimg.melon.co.kr/cm/album/images/000/04/469/4469_500.jpg/melon/resize/282/quality/80/optimize, 아네모네는 피는데 아네모넨 지는데 아련히 떠오르는 그모습 잊을길 없네 해가져도 달이떠도 가슴깊이 새겨진 떠나간 그사랑을 전할길은 없는가  이슬에 젖은 꽃송이 아네모넨 지는가 별빛에 피어나서 쓸쓸히 시들줄이야 마음받쳐 그사람을 사모하고 있지만 떠나간 그사람을 달랠길은 없는가    ,성인가요
132,46264,아카시아 이별 ,이영숙,https://cdnimg.melon.co.kr/cm/album/images/000/06/713/6713_500.jpg/melon/resize/282/quality/80/optimize,아카시아 꽃 냄새 풍기는 이 길은 옛사랑 그리워지는 추억이 잠든 길 아카시아 꽃잎 씹으며 나란히 걷던 길에 지금은 나만 홀로 쓸쓸히 걷네  아카시아 꽃잎이 춤추는 이길은 사랑을 다짐하였던 추억이 잠든 길 아카시아 꽃잎 따주던 그 님은 가버리고 지금은 나만 홀로 외로이 섰네  ( 별명 : cho380605 ),"발라드, 성인가요"
133,48719,여자의 일생 ,이미자,https://cdnimg.melon.co.kr/cm/album/images/000/04/472/4472_500.jpg/melon/resize/282/quality/80/optimize, 참을 수가 없도록 이 가슴이 아파도  여자이기 때문에 말 한마디 못하고  헤아릴 수 없는 설움 혼자 지닌채  고달픈 인생길을 허덕이면서  아아 참아야 한다기에 눈물로 보냅니다  여자의 일생   견딜 수가 없도록 외로워도  슬퍼도 여자이기 때문에  참아야만 한다고 내 스스로 내 마음을  달래어 가며 비탈진 인생길을  허덕이면서 아아 참아야 한다기에  눈물로 보냅니다 여자의 일생     ,성인가요
134,167747,짚세기 신고 왔네 ,김세레나,https://cdnimg.melon.co.kr/cm/album/images/000/08/753/8753_500.jpg/melon/resize/282/quality/80/optimize, 사랑이 별거더냐 좋아하면 사랑이지 이래저래 정이 들면 호박꽃도 꽃이랑께 연분이 따로 있나 짝이 맞으면 연분이지 요모저모 뜯어보면 쓸만한데 있더란다 기왕에 만났으니 잘살아 보자구요 예   사랑이 별거더냐 지나봐야 알것이지 요래 조래 눈에 들면 그럭저럭 살겠더라 지지고 볶아본들 만났으면 별수 없어 천하일색 양귀비도 시들으니 그만이다 기왕에 만났으니 잘살아 보자구요 예    ,성인가요
135,65537,처녀 농군 ,최정자,https://cdnimg.melon.co.kr/cm/album/images/000/07/196/7196_500.jpg/melon/resize/282/quality/80/optimize, 홀어머니 내 모시고 살아가는 세상인데 이 몸이 처녀라고 이 몸이 처녀라고 남자일을 못 하나요 소몰고 논밭으로 이랴 어서 가자 해뜨는 저 벌판에 이랴 어서 가자 밭갈이 가자  홀로 계신 우리 엄마 내 모시고 사는 세상 이 몸이 여자라고 이 몸이 여자라고 남자 일을 못 하나요 꼴망태 등에 메고 이랴 어서 가자 해 뜨는 저 벌판에 이랴 어서 가자 밭갈이 가자    ,성인가요
136,48713,첫눈 내린 거리 ,이미자,https://cdnimg.melon.co.kr/cm/album/images/000/04/472/4472_500.jpg/melon/resize/282/quality/80/optimize, 꽃 피는 시절엔 둘이서 가던 길을 눈 내리는 계절엔 나 홀로 걸어가네 사랑한다고 변치 말자고 맹세하던 그 님은 어디로 가고 첫 눈 내린 이 거리엔 슬픔만 가득 찼네  새 울던 언덕을 둘이서 걸어가며 변함 없이 살자고 기약한 그 사람아 언제까지나 함께 살자고 믿고 믿은 그마음 어디로 가고 첫 눈 내린 이 거리를 나 홀로 걷게 하나    ,성인가요
137,45845,코스모스 피어있는 길 ,김상희,https://cdnimg.melon.co.kr/cm/album/images/000/03/636/3636_500.jpg/melon/resize/282/quality/80/optimize, 코스모스 한들한들 피어있는 길 향기로운 가을길을 걸어 갑니다 기다리는 마음같이 초조하여라 단풍같은 마음으로 노래 합니다 길어진 한 숨이 이슬에 맺혀서 찬 바람 미워서 꽃속에 숨었나 코스모스 한들한들 피어있는 길 향기로운 가을길을 걸어 갑니다  길어진 한 숨이 이슬에 맺혀서 찬 바람 미워서 꽃속에 숨었나 코스모스 한들한들 피어있는 길 향기로운 가을길을 걸어 갑니다 걸어갑니다 걸어 갑니다    ,성인가요
138,48724,황혼의 부르스 ,이미자,https://cdnimg.melon.co.kr/cm/album/images/000/04/472/4472_500.jpg/melon/resize/282/quality/80/optimize, 황혼이 질때면 생각나는 그 사람 가슴 깊이 맺힌 슬픔 영원토록 잊을 길은 없는데 별처럼 아름답던 그 추억이 내 마음을 울려주네 목이 메어 불러보는 당신의 그 이름  황혼이 질때면 보고 싶은 그 얼굴 마음속에 아로 새긴 당신 모습 잊을 길은 없는데 꿈같이 행복했던 그 시절이 그리워서 눈물지네 목이 메어 불러보는 당신의 그 이름    ,성인가요
139,46263,가을이 오기전에 ,이영숙,https://cdnimg.melon.co.kr/cm/album/images/000/06/713/6713_500.jpg/melon/resize/282/quality/80/optimize, 지난여름 능금이 익어갈때 우리는 꿈꾸었지 가을에 올 행복을 그러나 철없는 여인의 허무한 꿈 능금이 빨갛게 익기도 전에 사랑은 끝났는가  행복한 꿈의 계절 가을이 오기전에  지난여름 능금이 익어갈때 부푸른 가슴으로 가을을 기다렸지 그러나 가엾은 여인의 서러운 꿈 눈물만 얼룩진 추억을 두고 사랑은 떠났는가 풍성한 꿈의 계절 가을이 오기전에    ,성인가요
140,1124692,강촌에 살고싶네 ,나훈아,https://cdnimg.melon.co.kr/cm/album/images/003/15/061/315061_500.jpg/melon/resize/282/quality/80/optimize, 날이새면 물새들이 시름없이 날으는 꽃피고 새가우는 논밭에 묻혀서 씨뿌려 가꾸면서 땀을 흘리며 냇가에 늘어진 버드나무 아래서 조용히 살고 파라 강촌에 살고 싶네  해가지면 뻐꾹새가 구슬프게 우는밤 희미한 등불밑에 모여 앉아서 다정한 친구들과 정을 나누고 흙내음 마시며 내일 위해 일하며 조용히 살고파라 강촌에 살고 싶네    ,성인가요
141,46261,그림자 ,이영숙,https://cdnimg.melon.co.kr/cm/album/images/000/06/713/6713_500.jpg/melon/resize/282/quality/80/optimize, 외로운 밤에 나의 창문을 흔드는 이 누구일까 잠못 이뤄서 찾아나온 우리님일까  반가움에 일어나 창문을 여니 말도 없이 찾아온 바람이었네 외로움에 우는 내가슴을 살며시 흔들었네  깊어가는 밤 나의 창가에 비치는 저 그림자는 보고 싶어서 찾아나온 우리님일까  깜짝 놀라 일어나 창문을 여니 뜰에 있는 소나무 그림자였네 외로움에 우는 내 가슴을 얄밉게 놀려주네  반가움에 일어나 창문을 여니 말도 없이 찾아온 바람이었네 외로움에 우는 내 가슴을 살며시 흔들었네 외로움에 우는 내 가슴을 살며시 흔들었네 살며시 흔들었네 살며시 흔들었네 살며시 흔들었네    ,성인가요
142,4024091,그 사람 ,키보이스,https://cdnimg.melon.co.kr/cm/album/images/021/73/970/2173970_500.jpg/melon/resize/282/quality/80/optimize, 그 사람 그 사람 내 생전 처음으로  그 사람 그 사람 사랑의 기쁨을  기쁨을 알려준 사람  그 사람 그 사람 내 가슴 가득히  그 사람 그 사람 사랑의 슬픔만  남기고 떠나간 사람  저 별은 알아주리  내 뺨에 흐른 눈물  그 사람 그 사람 생각만 하면은  그 사람 그 사람 가슴이 아파요  이제는 가버린 사람  아 아 아 아 아 아 루루루루루 저 별은 알아주리  내 뺨에 흐른 눈물  그 사람 그 사람 생각만 하면은  그 사람 그 사람 가슴이 아파요  이제는 가버린 사람  루루루루루    ,성인가요
143,605709,금산아가씨 ,김하정,https://cdnimg.melon.co.kr/cm/album/images/000/40/165/40165_500.jpg/melon/resize/282/quality/80/optimize, 별과도 속삭이네 눈웃음 피네 부풀은 열 아홉살 순정 아가씨 향긋한 인삼 내음 바람에 실어 어느 고을 도령에게 시집 가려나 총각들의 애만 태우는 금산 아가씨  새하얀 꽃잎처럼 마음도 하얀 열아홉 꿈을 꾸는 순정 아가씨 산 넘어 구름 아래 누가 산다고 노래마다 그리운 정 가득히 담아 안보면은 보고만 싶은 금산 아가씨   ,성인가요
144,1124641,긴 세월 ,나훈아,https://cdnimg.melon.co.kr/cm/album/images/003/15/059/315059_500.jpg/melon/resize/282/quality/80/optimize, 아무리 긴세월을 기다리래도 당신의 말이라면 말이라면 기다리겠어요 그리움이 꽃잎처럼 노을따라 진다해도 예날처럼 마음을 돌려 다시찾아 돌아올 그날을 나는 기다리겠어요 아무리 긴세월이 흘러간대도 당신의 뜻이라면 뜻이라면 기다리겠어요 외로움 강물처럼 구비처서 흐른대도 옜날처럼 마음을 돌려 다시찾아 다시찾아 돌아올 그날을 나는 기다리겠어요 ,성인가요
145,179100,꽃타령 ,김세레나,https://cdnimg.melon.co.kr/cm/album/images/000/08/109/8109_500.jpg/melon/resize/282/quality/80/optimize," 꽃 사시요, 꽃을 사시요, 꽃을 사  사랑 사랑 사랑 사랑 사랑 사랑의 꽃이로구나   꽃바구니 울러매고 꽃 팔러 나왔소  붉은 꽃 파란 꽃, 노랗고도 하얀 꽃  남색 자색의 연분홍 울긋불긋 빛난 꽃 아롱다롱의 고운 꽃  꽃 사시요, 꽃사, 꽃을 사시요, 꽃을 사  사랑 사랑 사랑 사랑 사랑 사랑의 꽃이로구나   봉올봉을 맺힌 꽃, 숭올숭올 달린 꽃 방실방실 웃는 꽃, 활짝 피었네 다 핀 꽃 벌 모아 노래한 꽃, 나비 앉아 춤춘 꽃  꽃 사시요, 꽃 사, 꽃을 사시요, 꽃을 사  사랑 사랑 사랑 사랑 사랑 사랑의 꽃이로구나   이 송이 저 송이 각 꽃송이 향기가 풍겨 나온다 이 꽃 저 꽃, 저 꽃 이 꽃, 해당화 모란화 난초지초 왠갖 행초 작약 목단에 장미화  꽃 사시요, 꽃 사, 꽃을 사시요, 꽃을 사 사랑 사랑 사랑 사랑 사랑 사랑의 꽃이로구나   ","국악, 국악가요"
146,1124854,님 그리워 ,나훈아,https://cdnimg.melon.co.kr/cm/album/images/003/15/067/315067_500.jpg/melon/resize/282/quality/80/optimize,1절   물어물어 찾아왔소  그님이 계시는 곳  차가운 강바람에 몰아치는데  그님은 보이지 않네  저달보고 울어본다  님계신 곳을  울며불며 찾아봐도  그님은 간곳이 없네    2절   물어물어 찾아왔소  그님이 계시는 곳  차가운 밤바람도 멀어지는데  그님은 오시지 않네  저달보고 물어본다  님계신 곳을  울며불며 찾아봐도  그님은 간 곳이 없네,성인가요
147,86877,님아 ,펄 시스터즈,https://cdnimg.melon.co.kr/cm/album/images/000/05/000/5000_500.jpg/melon/resize/282/quality/80/optimize, 멀리 떠난 내 님아 언제나 돌아 오려나 나의 사랑 내 님아 언제나 돌아 오려나 둥근 달이 떠오르고 또 다시 기울어 가도 한번 떠난 내 님은 또 다시 돌아오지 않네  봄이 가고 푸른 잎에 낙엽이 지고 또 지고 온다 하던 그 날은 수 없이 지나가 버렸네 젊은 날의 내 청춘도 지나가 버렸건마는 변함없는 내 사랑은 오늘도 기다려 지네  지난 날 그가 말했듯이 그 날을 잊지 말아요 그 날을 기다려 줘요 멀리 떠난 내 님아 언제나 돌아오려나 나의 사랑 내 님아 언제나 돌아오려나 둥근 달이 떠오르고 또 다시 기울어 가도 한번 떠난 내 님은 또 다시 돌아오지 않네  루루루루루 루루루 루루루 루루 루루루 루루루루루 루루루 루루루 루루 루루루 젊은 날의 내 청춘도 지나가 버렸건마는 변함없는 내 사랑은 오늘도 기다려 지네  님아 님아 님아 님아 님아    ,R&B/Soul
148,991749,당신 ,신행일,https://cdnimg.melon.co.kr/cm/album/images/003/09/652/309652_500.jpg/melon/resize/282/quality/80/optimize, 보내야 할 당신 마음대로 떠나도 가야만 할 당신 미련 남기지말고 맺지 못할 사랑인줄을 알면서도 사랑한 것을 싸늘한 뺨에 흘러내리는 눈물의 상처되어 다시는 못올 머나먼 길을 떠나야할 당신  보내야할 당신 마음대로 떠나도 가야만 할 당신 미련 남기지말고 맺지 못할 사랑인줄을 알면서도 사랑한 것을 싸늘한 뺨에 흘러내리는 눈물의 상처되어 다시는 못올 머나먼 길을 떠나야할 당신    ,성인가요
149,3592974,두글자 ,박건,https://cdnimg.melon.co.kr/cm/album/images/020/26/606/2026606_500.jpg/melon/resize/282/quality/80/optimize,None,성인가요
150,47701,떠나야할 그 사람 ,펄 시스터즈,https://cdnimg.melon.co.kr/cm/album/images/000/05/000/5000_500.jpg/melon/resize/282/quality/80/optimize, 떠나야 할 그 사람 잊지 못할 그대여 하고싶은 그 말을 다 못하고 헤어져 사무친 이 가슴 나 혼자 나 혼자서 숨길 수 없어요 숨길 수 없어요 오 붉은 태양 변함없이 뜨겁게 타고 푸른 하늘엔 흰 구름도 흐르는데 보내야 할 내 마음 잊어야 할 내 마음 맺지 못할 그 사랑 눈물만이 가득해 사무친 이 가슴 나 혼자 나 혼자서 숨길 수 없어요 숨길 수 없어요  오 붉은 태양 변함없이 뜨겁게 타고 푸른 하늘엔 흰 구름도 흐르는데 보내야 할 내 마음 잊어야 할 내 마음 맺지 못할 그 사랑 눈물만이 가득해 사무친 이 가슴 나 혼자 나 혼자서 숨길 수 없어요 숨길 수 없어요    ,R&B/Soul
151,1124945,미워도 다시 한번 ,남진,https://cdnimg.melon.co.kr/cm/album/images/003/15/074/315074_500.jpg/melon/resize/282/quality/80/optimize, 이 생명 다바쳐서 죽도록 사랑했고 순정을 다바쳐서 믿고 또 믿었건만 영원히 그 사람을 사랑해선 안될 사람 말 없이 가는 길에 미워도 다시 한 번 아 아 안녕  지난 날 아픈 가슴 오늘의 슬픔이여 여자의 숙명인가 운명의 장난인가 나만이 가야하는 그 사랑의 길이기에 울면서 돌아설 때 미워도 다시 한 번 아 아 안녕    ,성인가요
152,2531477,미워하지 마세요 ,이영숙,https://cdnimg.melon.co.kr/cm/album/images/007/60/352/760352_500.jpg/melon/resize/282/quality/80/optimize, 미워하지 마세요 내사랑 부탁해요 당신만을 사랑하고 행복하게 살고 싶었지만 너무나 수많은 사연때문에 당신을 버리고 떠나는 내마음 미워하지 마세요 내사랑 부탁해요 남몰래 흐느끼며 이렇게 울고 갑니다 미워하지 마세요 내사랑 부탁해요 당신만을 사랑하고 행복하게 살고 싶었지만 너무나 괴로운 사연때문에 당신의 곁에서 떠나는 내마음 미워하지 마세요 내사랑 부탁해요 남몰래 흐느끼며 이렇게 울고 갑니다   ,성인가요
153,992929,부모 ,유주용,https://cdnimg.melon.co.kr/cm/album/images/003/09/735/309735_500.jpg/melon/resize/282/quality/80/optimize, 낙엽이 우수수 떨어질 때 겨울의 기나긴밤 어머님하고 둘이 앉아 옛이야기 들어라 나는 어쩌면 생겨나와 이 이야기 듣는가 묻지도 말아라 내일날에 내가 부모되어서 알아보리라 낙엽이 우수수 떨어질 때 겨울의 기나긴밤 어머님하고 둘이 앉아 옛이야기 들어라 나는 어쩌면 생겨나와 이 이야기 듣는가 묻지도 말아라 내일날에 내가 부모되어서 알아보리라 낙엽이 우수수 떨어질 때 겨울의 기나긴밤 어머님하고 둘이 앉아 옛이야기 들어라 나는 어쩌면 생겨나와 이 이야기 듣는가 묻지도 말아라 내일날에 내가 부모되어서 알아보리라 알아보리라    ,성인가요
154,3005842,펄 시스터즈,펄 시스터즈,https://cdnimg.melon.co.kr/cm/album/images/010/62/811/1062811_500.jpg/melon/resize/282/quality/80/optimize,None,성인가요
155,1661558,빨간 선인장 ,김상희,https://cdnimg.melon.co.kr/cm/album/images/003/53/370/353370_500.jpg/melon/resize/282/quality/80/optimize, 마른잎이 굴러도 찬바람이 불어와도 내 가슴은 언제나 따스한 님의 입김 앙상한 가지마다 눈보라가 몰아쳐도 내 가슴은 언제나 따스한 님의 음성 혼자서 가는 길이 외롭고 괴로워도 눈물에 젖은 길이 자꾸만 흐려져도 앙상한 가지마다 눈보라가 몰아쳐도 빨간 선인장은 봄을 기다립니다   마른잎이 굴러도 찬바람이 불어와도 내 가슴은 언제나 따스한 님의 입김 앙상한 가지마다 눈보라가 몰아쳐도 내 가슴은 언제나 따스한 님의 음성 혼자서 가는 길이 외롭고 괴로워도 눈물에 젖은 길이 자꾸만 흐려져도 앙상한 가지마다 눈보라가 몰아쳐도 빨간 선인장은 봄을 기다립니다    ,성인가요
156,3592993,사나이부르스 ,배성,https://cdnimg.melon.co.kr/cm/album/images/020/26/626/2026626_500.jpg/melon/resize/282/quality/80/optimize, 사랑하려거든 불같이 뜨겁게 하고 이별을 하려거든 미련도 후회도 버려라 서로가 좋아서 사랑했다가 서로가 싫어서 헤어졌다면 아아 미움도 원망도 가슴에 상처도 사나이 답게 사나이 답게 잊어 버려라 사랑하려거든 불같이 뜨겁게 하고 헤어져 돌아설땐 눈물도 한숨도 버려라 서로가 좋아서 사랑했다가 서로가 싫어서 헤어졌다면 아아 뜨거운 눈물도 쓰라린 상처도 사나이 답게 사나이 답게 잊어버려라   ,성인가요
157,1077285,사람나고 돈났지 ,남진,https://cdnimg.melon.co.kr/cm/album/images/003/11/999/311999_500.jpg/melon/resize/282/quality/80/optimize, 사람 나고 돈났지 돈나고 사람이 났다더냐 급하면 돌아가라 말이 있듯이 부귀영화 좋다지만 덤벼선 안돼 돈이란 돌고 돌아 돌아 가다가 누구나 한번쯤은 참는다지만 허겁지겁 덤비다는 코만 깨지고 잡았다고 까불다는 서글어진다 사람 나고 돈났지 돈나고 사람이 났다더냐  사람 나고 돈났지 돈나고 사람이 났다더냐 돈이란 쓰는 맛에 돈이라는데 무슨 수로 벌었는지 알 순 없지만 돈이란 무서웁다 무서웁다고 죽기를 기를 쓰고 찾고 있지만 저 세상에 돌아갈때 빈 손인 것을 인심이나 쓰고 가지 벌어서 뭘해 사람 나고 돈났지 돈나고 사람이 났다더냐    ,성인가요
158,64066,사랑은 계절따라 ,박건,https://cdnimg.melon.co.kr/cm/album/images/000/06/047/6047_500.jpg/melon/resize/282/quality/80/optimize, 여름에 만난 사람 가을이면 가버리고 가을에 만난 사람 겨울이면 떠나가네 어디서 왔다가 어느 곳으로 가는지 계절이 다시 오면 그대 오려나 그대는 오려나 그대는 떠나가도 계절만은 돌아오고 사랑은 떠나가도 그대만은 못잊겠어요  웃으며 만났다 아 웃으며 떠난 그 사람 계절이 다시 오면 돌아와주오 돌아와주오 그대는 떠나가도 계절만은 돌아오고 사랑은 떠나가도 그대만은 못잊겠어요    ,성인가요
159,1124702,사랑은 눈물의 씨앗 ,나훈아,https://cdnimg.melon.co.kr/cm/album/images/003/15/061/315061_500.jpg/melon/resize/282/quality/80/optimize,1절   사랑이 무어냐고  물으신다면  눈물의 씨앗이라고  말하겠어요  먼 훗날 당신이 나를  버리지 않겠지요  서로가 헤어지면  모두가 괴로워서  울테니까요    2절   이별이 무어냐고  물으신다면  눈물의 씨앗이라고  대답할테요  먼 훗날 당신이 나를  버리지 않겠지요  서로가 헤어지면  모두가 괴로워서  울테니까요,성인가요
160,1541503,사랑의 역사 ,유지성,https://cdnimg.melon.co.kr/cm/album/images/003/40/049/340049_500.jpg/melon/resize/282/quality/80/optimize, 그대 빛나는 검은 눈동자 그대 불타는 고운 입~술 가슴속 깊이 깊이 남~아 떠나지 않~~고 멀리 사라진 사랑의 역사 슬픈 비둘기 울음처~럼 하늘 저멀리 멀리 남~아 여울져 오~~네 불타는 사랑의 정열 행복한 그 시절 그 꿈 모두가 허무하게 사라져 가버리고 바람에 지~는 낙엽 외로이 바라보면서 그 공원 그 벤치위에 쓸쓸히 기대앉아 그대 고운 노래소~리 내 가슴속에 사~무~쳐 발길 돌리지 못~하~고 외로이 거~니네  불타는 사랑의 정열 행복한 그 시절 그 꿈 모두가 허무하게 사라져 가버리고 바람에 지~는 낙엽 외로이 바라보면서 그 공원 그 벤치위에 쓸쓸히 기대앉아 그대 고운 노래소~리 내 가슴속에 사~무~쳐 발길 돌리지 못~하~고 외로이 거~니네 ,성인가요
161,528046,사랑하는 마리아 ,패티김,https://cdnimg.melon.co.kr/cm/album/images/000/34/862/34862_500.jpg/melon/resize/282/quality/80/optimize, 마리아 마리아 사랑하는 마리아 마리아 마리아 사랑하는 마리아 그대를 보내고 나서 꽃을 심었네 서러운 마음에 꽃을 심었네 마리아 마리아 사랑하는 마리아 마리아 마리아 사랑하는 마리아 봄은 또 다시 오고 꽃은 피었네 그리움처럼 꽃은 피었네 마리아 마리아 사랑하는 마리아 마리아 마리아 사랑하는 마리아 그대 얼굴을 보듯이 꽃을 보았네 내 품에 돌아오라고 꽃을 보았네 마리아 마리아 사랑하는 마리아 마리아 마리아 사랑하는 마리아 그대를 잊으려고 꽃을 꺾었네 눈물을 흘리면서 꽃을 꺾었네 마리아 마리아 사랑하는 마리아 마리아 마리아 사랑하는 마리아 마리아 마리아 마리아 마리아 마리아    ,발라드
162,1125993,서울의 찬가 ,패티김,https://cdnimg.melon.co.kr/cm/album/images/003/15/115/315115_500.jpg/melon/resize/282/quality/80/optimize, 종이 울리네 꽃이 피네 새들의 노래 웃는 그 얼굴 그리워라 내 사랑아 내 곁을 떠나지마오 처음 만나고 사랑의 맺은 정다운 거리 마을의 거리 아름다운 서울에서 서울에서 살으렵니다  봄이 또 오고 여름이 가고 낙엽은 지고 눈 보라 쳐도 변함없는 내 사랑아 내 곁은 떠나지마오 헤어져 멀리있다 하여도 내 품에 돌아오라 그대여 아름다운 서울에서 서울에서 살으렵니다 ,성인가요
163,193896,석류의 계절 ,정은숙,https://cdnimg.melon.co.kr/cm/album/images/000/08/754/8754_500.jpg/melon/resize/282/quality/80/optimize, 밤이 지나고 햇살이 부실 때 빨간 알알의 석류는 웃는데 차거운 별 아래 웃음이 지면서 메마른 가지에 석류 한 송이 가을은 외로운 석류의 계절  그늘 지나고 햇살이 부실 때 빨간 알알의 석류는 웃는데 바람이 차면서 낙엽이 지면서 메마른 가지에 석류 한 송이 가을은 외로운 석류의 계절    ,성인가요
164,179095,성주풀이 ,김세레나,https://cdnimg.melon.co.kr/cm/album/images/000/08/109/8109_500.jpg/melon/resize/282/quality/80/optimize, 낙양성 심리허에  높고 낮은 저 무덤은  영웅호걸이 몇몇이며  절대가인이 그 누구냐  우리네 인생 한 번가면  저 모양이 될터이니  에라 만수 에라 대신이야   저 건너 잔솔밭에  설설기는 저 포수야  저 산 비둘기 잡지마라  저 비둘기는 나와 같이  님을 잃고 밤새도록  님을 찾아 헤메노라  에라 만수 에라 대신이야   한송정 솔을 비어  조그맣게 배를지어  술렁술렁 배 띄어놓고  술이나 안주 가득싣고  강릉 경포대 달구경 가세  두리둥실 달구경 가세  에라 만수 에라 대신이야 -  ,"국악, 국악가요"
165,3005879,현미,현미,https://cdnimg.melon.co.kr/cm/album/images/010/62/817/1062817_500.jpg/melon/resize/282/quality/80/optimize,None,성인가요
166,440806,웨딩 드레스 ,한상일,https://cdnimg.melon.co.kr/cm/album/images/000/30/446/30446_500.jpg/melon/resize/282/quality/80/optimize, 당신의 웨딩드레스는 정말 아름다웠소 춤추는 웨딩드레스는 더욱 아름다웠소 우리를 울였던 지난 날은 이제와 생각하니 사랑이었소 우리가 미워한 지난 날도 이제와 생각하니 사랑이었소 당신의 웨딩드레스는 눈빛 순결이었소 잠자는 웨딩드레스는 레몬 향기였다오  당신의 웨딩드레스는 정말 아름다웠소 춤추는 웨딩드레스는 더욱 아름다웠소 우리를 울렸던 비바람은 이제와 생각하니 사랑이었소 우리가 미워한 눈보라도 이제와 생각하니 사랑이었소 당신의 웨딩드레스는 눈빛 순결이었소 잠자는 웨딩드레스는 레몬 향기였다오    ,성인가요
167,3622627,잊을 수만 있다면 ,강소희,https://cdnimg.melon.co.kr/cm/album/images/020/39/119/2039119_500.jpg/melon/resize/282/quality/80/optimize, 잊을수만 있다면 잊을수만 있다면 두번 다시 남산길을 찾지 않으리 세월이 흘러가면 잊으련만은 흐르고 또 흘러도 잊을 길 없어 비가 내리는 남산 길을 홀로 걸어갑니다 잊을수만 있다면 잊을수만 있다면 내가버린 옛사랑을 생각 않으리 소낙비 쏟아지면 씻겨지리라 내 마음 달래여도 잊을길없어 가로등 꺼진 추억속을 홀로 걸어 갑니다  ,성인가요
168,992960,주란꽃 ,문주란,https://cdnimg.melon.co.kr/cm/album/images/003/09/735/309735_500.jpg/melon/resize/282/quality/80/optimize, 내 너와 떠나던 날 저 하늘도 흐렸고 다시 만날 기약없이 머나먼 길 떠나왔네 길가에 한송이 외로운 꽃처럼 내 이름은 주란꽃 내 다시 피어 나서 옛날같이 살고 싶어 꿈길속에 피워 보는 한송이 주란꽃  이제는 돌아와서 옛날 일을 생각하니 어리석었던 지난 날 한숨속에 덧없어라 길가에 한송이 외로운 꽃처럼 내 이름은 주란꽃 내 다시 돌아와서 눈물 없던 어린 시절 꿈길 속에 피워 보는 한송이 주란꽃    ,성인가요
169,4488345,짧은 머리 짧은 치마 ,최희준,https://cdnimg.melon.co.kr/cm/album/images/022/37/891/2237891_500.jpg/melon/resize/282/quality/80/optimize,None,성인가요
170,452902,천리길 ,나훈아,https://cdnimg.melon.co.kr/cm/album/images/000/31/028/31028_500.jpg/melon/resize/282/quality/80/optimize, 돌뿌리 가시밭 길 산을 넘어 천리길 반겨주실 님을 찾아 강을 건너 천리길 아련한 추억속에 마음 변해 시든 사랑 울며 갈길 왔던 내가 잘못 이던가   옛정을 생각하며 강을 건너 천리길 반겨주실 님을 찾아 사랑 찾아 천리길 캄캄한 밤하늘에 아픈 마음 달래는데 울며 갈길 왔던 내가 잘못 이던가   ,성인가요
171,1930249,유주용,유주용,https://cdnimg.melon.co.kr/cm/album/images/003/98/098/398098_500.jpg/melon/resize/282/quality/80/optimize,None,성인가요
172,47700,커피 한 잔 ,펄 시스터즈,https://cdnimg.melon.co.kr/cm/album/images/000/05/000/5000_500.jpg/melon/resize/282/quality/80/optimize,커피 한잔을 시켜놓고 그대 올때를 기다려봐도 왠일인지 오지를 않네 내속을 태우는구려 8분이 지나고 9분이 오네 1분만 지나면 나는 가요 정말 그대를 사랑해 내 속을 태우는구려  아 그대여 왜 안오시나 아 내 사람아 오 기다려요 오 기다려요 오 기다려요  불덩이같은 이 가슴 엽차 한잔을 시켜봐도 보고싶은 그대 얼굴 내 속을 태우는구려  아 그대여 왜 안오시나 아 내 사람아 오 기다려요 오 기다려요 오 기다려요  불덩이같은 이 가슴 엽차 한잔을 시켜봐도 보고싶은 그대 얼굴 내 속을 태우는구려  내 속을 태우는구려,R&B/Soul
173,175400,하얀 손수건 ,트윈 폴리오,https://cdnimg.melon.co.kr/cm/album/images/000/08/706/8706_500.jpg/melon/resize/282/quality/80/optimize,  헤어지자 보내온 그녀의 편지 속에  곱게 접어 함께 부친 하얀 손수건  고향을 떠나올때 언덕에 홀로 서서  눈물로 흔들어주던 하얀 손수건  그때의 눈물 자욱 사라져 버리고  흐르는 내 눈물이 그 위를 적시네 ,포크/블루스
174,48738,한번 준 마음인데 ,이미자,https://cdnimg.melon.co.kr/cm/album/images/000/04/469/4469_500.jpg/melon/resize/282/quality/80/optimize, 밤하늘의 별빛은 꺼질지라도 한번 준 마음인데 변할 수 없네 사랑이 미움되어도 바람속에 세월속에 그리운 얼굴 가슴 깊이 새기며 살아갑니다  세월따라 꽃잎은 시들어 가도 한번 준 사랑인데 돌릴수 없네 사랑은 흘러간대도 바람속에 세월속에 정다운 이름 영원토록 그리며 살아갑니다    ,성인가요